,Topic,Words and probability
0,0,"0.104*""immunology"" + 0.055*""vaccine"" + 0.055*""ity"" + 0.055*""immunoindustry"" + 0.055*""immunotherapy"" + 0.055*""doctor"" + 0.055*""rome"" + 0.055*""immunoscientist"" + 0.055*""heamatology"" + 0.055*""microbiology"""
1,1,"0.029*""bookmark"" + 0.028*""vaccine"" + 0.028*""immunesystem"" + 0.027*""immunity"" + 0.027*""date"" + 0.027*""visit"" + 0.027*""vaccineswork"" + 0.027*""immunochemistryconferences.comdiabe"" + 0.026*""immunotherapy"" + 0.026*""pathologic"""
2,2,"0.224*""|"" + 0.078*""presentation"" + 0.078*""poster"" + 0.041*""vaccine"" + 0.041*""rome"" + 0.041*""ity"" + 0.041*""research"" + 0.041*""l"" + 0.041*""immunologyconference"" + 0.041*""opportunity"""
3,3,"0.061*""immunochemistry"" + 0.061*""immunology"" + 0.061*""virology"" + 0.061*""pathologic"" + 0.061*""immunotherapy"" + 0.061*""immunochemistryconferences.comdiabe"" + 0.061*""vaccineswork"" + 0.061*""visit"" + 0.061*""date"" + 0.061*""immunity"""
4,4,"0.023*""vaccine"" + 0.023*""immunology"" + 0.023*""|"" + 0.023*""ity"" + 0.023*""rome"" + 0.023*""immunity"" + 0.023*""immunochemistry"" + 0.023*""pathology"" + 0.023*""immunotherapy"" + 0.023*""speaker"""
5,5,"0.023*""vaccine"" + 0.023*""immunology"" + 0.023*""|"" + 0.023*""immunity"" + 0.023*""rome"" + 0.023*""immunochemistry"" + 0.023*""ity"" + 0.023*""immunotherapy"" + 0.023*""pathology"" + 0.023*""virology"""
6,6,"0.110*""vaccine"" + 0.058*""rome"" + 0.058*""ity"" + 0.058*""immunology"" + 0.058*""immunochemistry"" + 0.058*""foodsafy"" + 0.058*""immunity"" + 0.058*""amp"" + 0.058*""upcoming"" + 0.058*""foodscience"""
7,7,"0.023*""vaccine"" + 0.023*""immunology"" + 0.023*""|"" + 0.023*""rome"" + 0.023*""ity"" + 0.023*""immunotherapy"" + 0.023*""immunity"" + 0.023*""immunochemistry"" + 0.023*""virology"" + 0.023*""expert"""
