,Topic,Words and probability
0,0,"0.094*""vaccine"" + 0.065*""covid"" + 0.031*""people"" + 0.011*""vaccinated"" + 0.007*""good"" + 0.007*""mask"" + 0.007*""amp"" + 0.005*""covidvaccine"" + 0.005*""vaccination"" + 0.005*""death"""
1,1,"0.093*""vaccine"" + 0.042*""covid"" + 0.014*""people"" + 0.012*""vaccination"" + 0.012*""amp"" + 0.010*""today"" + 0.009*""year"" + 0.008*""covidvaccine"" + 0.006*""time"" + 0.006*""variant"""
2,2,"0.103*""vaccine"" + 0.061*""covid"" + 0.012*""people"" + 0.007*""need"" + 0.006*""child"" + 0.006*""shot"" + 0.006*""amp"" + 0.006*""news"" + 0.005*""country"" + 0.005*""new"""
3,3,"0.094*""vaccine"" + 0.076*""covid"" + 0.015*""shot"" + 0.011*""day"" + 0.009*""year"" + 0.008*""people"" + 0.007*""covidvaccine"" + 0.006*""india"" + 0.005*""time"" + 0.005*""case"""
4,4,"0.098*""vaccine"" + 0.093*""covid"" + 0.014*""people"" + 0.010*""amp"" + 0.008*""risk"" + 0.007*""need"" + 0.007*""effect"" + 0.006*""vaccinated"" + 0.005*""long"" + 0.005*""india"""
5,5,"0.091*""vaccine"" + 0.040*""covid"" + 0.016*""pfizer"" + 0.014*""amp"" + 0.013*""death"" + 0.013*""india"" + 0.011*""vaccinated"" + 0.009*""dose"" + 0.007*""vaccination"" + 0.007*""covidvaccine"""
6,6,"0.107*""vaccine"" + 0.057*""covid"" + 0.011*""people"" + 0.011*""vaccinated"" + 0.007*""time"" + 0.006*""dose"" + 0.006*""vaccination"" + 0.006*""amp"" + 0.006*""death"" + 0.006*""long"""
7,7,"0.099*""vaccine"" + 0.060*""covid"" + 0.016*""covidvaccine"" + 0.010*""shot"" + 0.010*""pfizer"" + 0.009*""day"" + 0.008*""covid19"" + 0.006*""moderna"" + 0.006*""appointment"" + 0.006*""people"""
