,Topic,Words and probability
0,0,"0.078*""vaccine"" + 0.054*""covid"" + 0.034*""people"" + 0.020*""vaccinated"" + 0.020*""amp"" + 0.014*""variant"" + 0.008*""covidvaccine"" + 0.008*""unvaccinated"" + 0.007*""death"" + 0.007*""mask"""
1,1,"0.090*""vaccine"" + 0.069*""covid"" + 0.023*""people"" + 0.012*""vaccinated"" + 0.008*""amp"" + 0.007*""free"" + 0.007*""life"" + 0.007*""covidvaccine"" + 0.006*""long"" + 0.006*""death"""
2,2,"0.105*""vaccine"" + 0.067*""covid"" + 0.019*""people"" + 0.019*""death"" + 0.011*""risk"" + 0.011*""long"" + 0.010*""amp"" + 0.008*""vaccinated"" + 0.007*""vaccination"" + 0.007*""year"""
3,3,"0.094*""vaccine"" + 0.066*""covid"" + 0.023*""people"" + 0.012*""shot"" + 0.007*""variant"" + 0.007*""amp"" + 0.006*""vaccinated"" + 0.006*""year"" + 0.006*""day"" + 0.006*""pfizer"""
4,4,"0.088*""vaccine"" + 0.058*""covid"" + 0.011*""vaccinated"" + 0.010*""risk"" + 0.008*""covidvaccine"" + 0.007*""case"" + 0.006*""people"" + 0.006*""system"" + 0.006*""pfizer"" + 0.006*""day"""
5,5,"0.109*""vaccine"" + 0.089*""covid"" + 0.018*""people"" + 0.008*""vaccinated"" + 0.007*""mask"" + 0.005*""work"" + 0.005*""case"" + 0.005*""government"" + 0.005*""news"" + 0.005*""pfizer"""
6,6,"0.097*""vaccine"" + 0.063*""covid"" + 0.009*""new"" + 0.008*""vaccination"" + 0.007*""people"" + 0.007*""death"" + 0.006*""vaccinated"" + 0.006*""state"" + 0.005*""help"" + 0.005*""amp"""
7,7,"0.101*""vaccine"" + 0.063*""covid"" + 0.011*""flu"" + 0.010*""good"" + 0.009*""vaccinated"" + 0.009*""virus"" + 0.008*""need"" + 0.007*""variant"" + 0.007*""long"" + 0.006*""amp"""
