,Topic,Words and probability
0,0,"0.115*""vaccine"" + 0.077*""covid"" + 0.018*""pfizer"" + 0.014*""news"" + 0.013*""trump"" + 0.007*""effective"" + 0.007*""amp"" + 0.006*""people"" + 0.006*""election"" + 0.006*""world"""
1,1,"0.109*""vaccine"" + 0.060*""covid"" + 0.020*""effective"" + 0.015*""pfizer"" + 0.013*""people"" + 0.011*""new"" + 0.010*""year"" + 0.008*""coronavirus"" + 0.007*""flu"" + 0.007*""news"""
2,2,"0.100*""vaccine"" + 0.032*""covid"" + 0.026*""pfizer"" + 0.012*""people"" + 0.011*""news"" + 0.009*""amp"" + 0.009*""biden"" + 0.007*""effective"" + 0.007*""flu"" + 0.007*""year"""
3,3,"0.091*""vaccine"" + 0.036*""covid"" + 0.021*""pfizer"" + 0.011*""covidvaccine"" + 0.010*""effective"" + 0.008*""datum"" + 0.006*""need"" + 0.006*""trump"" + 0.006*""result"" + 0.006*""company"""
4,4,"0.078*""vaccine"" + 0.068*""covid"" + 0.015*""people"" + 0.011*""month"" + 0.011*""virus"" + 0.010*""amp"" + 0.007*""good"" + 0.006*""covidvaccine"" + 0.006*""flu"" + 0.006*""day"""
5,5,"0.110*""vaccine"" + 0.056*""covid"" + 0.011*""news"" + 0.011*""pfizer"" + 0.009*""people"" + 0.008*""effective"" + 0.008*""amp"" + 0.007*""covid19"" + 0.007*""covidvaccine"" + 0.006*""trump"""
6,6,"0.095*""vaccine"" + 0.045*""covid"" + 0.026*""pfizer"" + 0.024*""trump"" + 0.016*""effective"" + 0.014*""biden"" + 0.009*""biontech"" + 0.009*""tri"" + 0.009*""president"" + 0.009*""people"""
7,7,"0.083*""vaccine"" + 0.049*""covid"" + 0.016*""people"" + 0.011*""day"" + 0.010*""pfizer"" + 0.009*""flu"" + 0.008*""trump"" + 0.007*""effective"" + 0.006*""time"" + 0.006*""thing"""
