,Topic,Words and probability
0,0,"0.075*""vaccine"" + 0.041*""covid"" + 0.013*""vaccinated"" + 0.012*""amp"" + 0.009*""people"" + 0.009*""vaccination"" + 0.008*""covidvaccine"" + 0.008*""covid19"" + 0.007*""way"" + 0.006*""child"""
1,1,"0.085*""vaccine"" + 0.075*""covid"" + 0.018*""people"" + 0.016*""vaccinated"" + 0.010*""mask"" + 0.009*""death"" + 0.008*""case"" + 0.008*""vaccination"" + 0.008*""risk"" + 0.008*""mandate"""
2,2,"0.115*""vaccine"" + 0.086*""covid"" + 0.021*""people"" + 0.012*""amp"" + 0.010*""death"" + 0.010*""vaccinated"" + 0.006*""long"" + 0.006*""virus"" + 0.006*""mask"" + 0.006*""need"""
3,3,"0.101*""vaccine"" + 0.070*""covid"" + 0.011*""people"" + 0.010*""vaccinated"" + 0.007*""year"" + 0.006*""amp"" + 0.006*""pfizer"" + 0.005*""free"" + 0.005*""need"" + 0.005*""good"""
4,4,"0.097*""vaccine"" + 0.064*""covid"" + 0.011*""people"" + 0.010*""right"" + 0.008*""variant"" + 0.008*""immunity"" + 0.007*""new"" + 0.006*""vaccinated"" + 0.006*""effective"" + 0.005*""good"""
5,5,"0.096*""vaccine"" + 0.061*""covid"" + 0.016*""people"" + 0.007*""child"" + 0.007*""year"" + 0.006*""amp"" + 0.006*""anti"" + 0.006*""death"" + 0.005*""person"" + 0.005*""fact"""
6,6,"0.091*""vaccine"" + 0.079*""covid"" + 0.034*""people"" + 0.009*""risk"" + 0.008*""time"" + 0.007*""vaccinated"" + 0.007*""effect"" + 0.007*""long"" + 0.007*""thing"" + 0.006*""hospit"""
7,7,"0.082*""vaccine"" + 0.071*""covid"" + 0.014*""test"" + 0.012*""vaccinated"" + 0.012*""people"" + 0.010*""biden"" + 0.010*""time"" + 0.009*""shot"" + 0.009*""flu"" + 0.008*""amp"""
