,Topic,Words and probability
0,0,"0.087*""vaccine"" + 0.053*""covid"" + 0.012*""covidvaccine"" + 0.012*""people"" + 0.012*""need"" + 0.011*""new"" + 0.008*""case"" + 0.007*""india"" + 0.007*""vaccinated"" + 0.006*""week"""
1,1,"0.118*""vaccine"" + 0.061*""covid"" + 0.010*""passport"" + 0.010*""country"" + 0.007*""amp"" + 0.007*""day"" + 0.006*""vaccination"" + 0.005*""people"" + 0.005*""virus"" + 0.005*""time"""
2,2,"0.106*""vaccine"" + 0.066*""covid"" + 0.012*""effect"" + 0.009*""people"" + 0.008*""india"" + 0.007*""dose"" + 0.007*""case"" + 0.006*""risk"" + 0.006*""passport"" + 0.005*""day"""
3,3,"0.094*""vaccine"" + 0.057*""covid"" + 0.015*""amp"" + 0.012*""covidvaccine"" + 0.009*""long"" + 0.009*""people"" + 0.008*""vaccinated"" + 0.007*""appointment"" + 0.007*""time"" + 0.007*""covid19"""
4,4,"0.102*""vaccine"" + 0.095*""covid"" + 0.033*""people"" + 0.009*""risk"" + 0.009*""death"" + 0.008*""vaccinated"" + 0.007*""year"" + 0.006*""mask"" + 0.006*""virus"" + 0.005*""need"""
5,5,"0.102*""vaccine"" + 0.056*""covid"" + 0.026*""shot"" + 0.014*""pfizer"" + 0.012*""today"" + 0.011*""people"" + 0.007*""moderna"" + 0.007*""covidvaccine"" + 0.006*""work"" + 0.006*""year"""
6,6,"0.101*""vaccine"" + 0.063*""covid"" + 0.017*""johnson"" + 0.017*""amp"" + 0.011*""today"" + 0.011*""year"" + 0.011*""covidvaccine"" + 0.008*""blood"" + 0.007*""week"" + 0.007*""clot"""
7,7,"0.111*""vaccine"" + 0.069*""covid"" + 0.012*""people"" + 0.010*""vaccination"" + 0.008*""appointment"" + 0.007*""amp"" + 0.006*""shot"" + 0.006*""vaccinated"" + 0.005*""day"" + 0.005*""covidvaccine"""
