,Topic,Words and probability
0,0,"0.106*""vaccine"" + 0.064*""covid"" + 0.014*""people"" + 0.011*""need"" + 0.010*""amp"" + 0.009*""covidvaccine"" + 0.009*""new"" + 0.008*""flu"" + 0.008*""virus"" + 0.006*""long"""
1,1,"0.117*""vaccine"" + 0.072*""covid"" + 0.014*""people"" + 0.007*""trump"" + 0.006*""time"" + 0.006*""worker"" + 0.005*""good"" + 0.005*""pfizer"" + 0.005*""day"" + 0.005*""news"""
2,2,"0.115*""vaccine"" + 0.037*""covid"" + 0.011*""covidvaccine"" + 0.010*""covid19"" + 0.010*""people"" + 0.008*""pfizer"" + 0.006*""amp"" + 0.006*""news"" + 0.005*""state"" + 0.005*""world"""
3,3,"0.086*""vaccine"" + 0.055*""covid"" + 0.027*""people"" + 0.015*""need"" + 0.010*""covidvaccine"" + 0.008*""black"" + 0.008*""country"" + 0.007*""amp"" + 0.007*""death"" + 0.006*""government"""
4,4,"0.095*""vaccine"" + 0.055*""covid"" + 0.014*""trump"" + 0.011*""dose"" + 0.011*""people"" + 0.010*""covidvaccine"" + 0.009*""pfizer"" + 0.008*""uk"" + 0.007*""week"" + 0.006*""news"""
5,5,"0.089*""vaccine"" + 0.052*""covid"" + 0.016*""year"" + 0.015*""people"" + 0.011*""covidvaccine"" + 0.008*""work"" + 0.008*""safe"" + 0.007*""amp"" + 0.006*""covid19"" + 0.006*""risk"""
6,6,"0.090*""vaccine"" + 0.055*""covid"" + 0.015*""covidvaccine"" + 0.008*""trump"" + 0.008*""year"" + 0.008*""pfizer"" + 0.007*""amp"" + 0.007*""today"" + 0.007*""right"" + 0.005*""covid19"""
7,7,"0.121*""vaccine"" + 0.083*""covid"" + 0.013*""pfizer"" + 0.009*""amp"" + 0.009*""covidvaccine"" + 0.008*""people"" + 0.006*""effect"" + 0.006*""covid19"" + 0.006*""flu"" + 0.006*""use"""
