,Topic,Words and probability
0,0,"0.089*""vaccine"" + 0.077*""covid"" + 0.044*""people"" + 0.024*""vaccinated"" + 0.013*""risk"" + 0.009*""virus"" + 0.008*""vaccination"" + 0.007*""long"" + 0.005*""life"" + 0.005*""immune"""
1,1,"0.087*""vaccine"" + 0.076*""covid"" + 0.015*""people"" + 0.015*""effect"" + 0.013*""long"" + 0.012*""bad"" + 0.010*""time"" + 0.009*""amp"" + 0.007*""term"" + 0.007*""pfizer"""
2,2,"0.087*""vaccine"" + 0.072*""covid"" + 0.025*""people"" + 0.010*""vaccinated"" + 0.010*""amp"" + 0.009*""mask"" + 0.008*""sick"" + 0.007*""safe"" + 0.006*""mandate"" + 0.006*""hospit"""
3,3,"0.068*""vaccine"" + 0.047*""covid"" + 0.013*""mask"" + 0.013*""covidvaccine"" + 0.011*""amp"" + 0.011*""anti"" + 0.011*""people"" + 0.010*""shot"" + 0.010*""school"" + 0.009*""work"""
4,4,"0.091*""vaccine"" + 0.087*""covid"" + 0.016*""vaccinated"" + 0.015*""amp"" + 0.009*""people"" + 0.009*""shot"" + 0.008*""year"" + 0.008*""flu"" + 0.008*""case"" + 0.007*""risk"""
5,5,"0.120*""vaccine"" + 0.067*""covid"" + 0.016*""people"" + 0.010*""vaccinated"" + 0.007*""mask"" + 0.006*""amp"" + 0.006*""variant"" + 0.005*""work"" + 0.005*""need"" + 0.005*""new"""
6,6,"0.096*""vaccine"" + 0.079*""covid"" + 0.027*""people"" + 0.022*""death"" + 0.008*""virus"" + 0.006*""datum"" + 0.006*""need"" + 0.006*""world"" + 0.005*""vaccinated"" + 0.005*""rate"""
7,7,"0.074*""vaccine"" + 0.056*""covid"" + 0.015*""covidvaccine"" + 0.014*""people"" + 0.012*""anti"" + 0.012*""mask"" + 0.009*""test"" + 0.009*""vaccination"" + 0.009*""vaccinated"" + 0.007*""state"""
