,Topic,Words and probability
0,0,"0.086*""vaccine"" + 0.049*""covid"" + 0.034*""people"" + 0.011*""amp"" + 0.011*""year"" + 0.008*""mandate"" + 0.007*""booster"" + 0.007*""virus"" + 0.006*""country"" + 0.006*""effective"""
1,1,"0.099*""covid"" + 0.096*""vaccine"" + 0.025*""people"" + 0.015*""vaccinated"" + 0.009*""work"" + 0.009*""year"" + 0.009*""time"" + 0.009*""mask"" + 0.008*""death"" + 0.007*""prevent"""
2,2,"0.092*""vaccine"" + 0.067*""covid"" + 0.011*""death"" + 0.007*""mrna"" + 0.006*""life"" + 0.005*""new"" + 0.005*""booster"" + 0.005*""question"" + 0.005*""mandate"" + 0.005*""vaccination"""
3,3,"0.100*""vaccine"" + 0.073*""covid"" + 0.015*""booster"" + 0.012*""people"" + 0.011*""mandate"" + 0.008*""need"" + 0.008*""child"" + 0.005*""school"" + 0.005*""kid"" + 0.005*""day"""
4,4,"0.087*""vaccine"" + 0.074*""covid"" + 0.018*""death"" + 0.011*""amp"" + 0.009*""case"" + 0.009*""time"" + 0.008*""people"" + 0.008*""long"" + 0.007*""datum"" + 0.007*""sick"""
5,5,"0.105*""vaccine"" + 0.085*""covid"" + 0.021*""people"" + 0.011*""vaccinated"" + 0.010*""amp"" + 0.008*""risk"" + 0.007*""work"" + 0.007*""bad"" + 0.006*""long"" + 0.006*""new"""
6,6,"0.098*""vaccine"" + 0.079*""covid"" + 0.009*""vaccinated"" + 0.009*""omicron"" + 0.008*""good"" + 0.007*""virus"" + 0.007*""year"" + 0.006*""people"" + 0.006*""time"" + 0.006*""mask"""
7,7,"0.082*""vaccine"" + 0.044*""covid"" + 0.015*""amp"" + 0.012*""vaccinated"" + 0.011*""virus"" + 0.010*""booster"" + 0.008*""child"" + 0.007*""people"" + 0.007*""pfizer"" + 0.006*""vaccination"""
