,Topic,Words and probability
0,0,"0.076*""vaccine"" + 0.056*""covid"" + 0.030*""amp"" + 0.011*""people"" + 0.010*""month"" + 0.008*""vaccinated"" + 0.008*""need"" + 0.007*""death"" + 0.007*""shot"" + 0.007*""year"""
1,1,"0.079*""vaccine"" + 0.076*""covid"" + 0.013*""people"" + 0.012*""child"" + 0.010*""vaccinated"" + 0.009*""pfizer"" + 0.008*""vaccination"" + 0.008*""science"" + 0.007*""medic"" + 0.007*""risk"""
2,2,"0.089*""vaccine"" + 0.069*""covid"" + 0.014*""shot"" + 0.011*""people"" + 0.010*""amp"" + 0.010*""flu"" + 0.008*""vaccinated"" + 0.008*""year"" + 0.008*""mask"" + 0.007*""mandate"""
3,3,"0.117*""vaccine"" + 0.070*""covid"" + 0.010*""mandate"" + 0.009*""kid"" + 0.009*""risk"" + 0.008*""people"" + 0.006*""immunity"" + 0.005*""vaccination"" + 0.005*""vaccinated"" + 0.005*""death"""
4,4,"0.098*""vaccine"" + 0.071*""covid"" + 0.024*""people"" + 0.010*""vaccinated"" + 0.007*""death"" + 0.006*""time"" + 0.006*""mandate"" + 0.006*""news"" + 0.005*""need"" + 0.005*""booster"""
5,5,"0.084*""vaccine"" + 0.065*""covid"" + 0.026*""death"" + 0.009*""vaccinated"" + 0.009*""virus"" + 0.007*""country"" + 0.006*""work"" + 0.006*""high"" + 0.006*""pandemic"" + 0.005*""new"""
6,6,"0.096*""vaccine"" + 0.085*""covid"" + 0.018*""people"" + 0.011*""flu"" + 0.010*""vaccinated"" + 0.009*""year"" + 0.008*""death"" + 0.008*""amp"" + 0.007*""work"" + 0.007*""risk"""
7,7,"0.112*""vaccine"" + 0.086*""covid"" + 0.028*""people"" + 0.013*""vaccinated"" + 0.008*""effect"" + 0.008*""long"" + 0.008*""death"" + 0.007*""shot"" + 0.007*""immunity"" + 0.007*""amp"""
