,Topic,Words and probability
0,0,"0.098*""vaccine"" + 0.076*""covid"" + 0.016*""people"" + 0.013*""omicron"" + 0.010*""risk"" + 0.009*""booster"" + 0.009*""variant"" + 0.007*""vaccinated"" + 0.007*""case"" + 0.007*""death"""
1,1,"0.067*""vaccine"" + 0.038*""covid"" + 0.024*""covidvaccine"" + 0.015*""vaccination"" + 0.009*""covid19"" + 0.008*""booster"" + 0.007*""patient"" + 0.006*""omicron"" + 0.006*""people"" + 0.006*""today"""
2,2,"0.103*""vaccine"" + 0.083*""covid"" + 0.014*""amp"" + 0.008*""people"" + 0.008*""year"" + 0.008*""virus"" + 0.007*""immunity"" + 0.005*""hospit"" + 0.005*""work"" + 0.005*""pfizer"""
3,3,"0.077*""vaccine"" + 0.069*""covid"" + 0.025*""people"" + 0.023*""vaccinated"" + 0.018*""amp"" + 0.014*""death"" + 0.011*""mandate"" + 0.009*""mask"" + 0.006*""risk"" + 0.006*""shot"""
4,4,"0.083*""vaccine"" + 0.054*""covid"" + 0.013*""booster"" + 0.013*""day"" + 0.012*""flu"" + 0.011*""year"" + 0.010*""shot"" + 0.010*""new"" + 0.008*""anti"" + 0.008*""mandate"""
5,5,"0.095*""vaccine"" + 0.067*""covid"" + 0.013*""people"" + 0.012*""virus"" + 0.010*""death"" + 0.009*""time"" + 0.008*""booster"" + 0.007*""new"" + 0.006*""amp"" + 0.006*""mandate"""
6,6,"0.114*""vaccine"" + 0.084*""covid"" + 0.026*""people"" + 0.010*""work"" + 0.010*""vaccinated"" + 0.009*""booster"" + 0.008*""long"" + 0.007*""year"" + 0.006*""variant"" + 0.006*""flu"""
7,7,"0.080*""vaccine"" + 0.060*""covid"" + 0.013*""people"" + 0.009*""year"" + 0.009*""covidvaccine"" + 0.007*""booster"" + 0.006*""vaccinated"" + 0.006*""child"" + 0.006*""world"" + 0.006*""lamb"""
