,Topic,Words and probability
0,0,"0.088*""vaccine"" + 0.036*""covid"" + 0.013*""people"" + 0.011*""country"" + 0.010*""day"" + 0.009*""amp"" + 0.007*""vaccinated"" + 0.006*""mask"" + 0.006*""india"" + 0.005*""vaccination"""
1,1,"0.101*""vaccine"" + 0.061*""covid"" + 0.025*""people"" + 0.018*""shot"" + 0.010*""today"" + 0.009*""dose"" + 0.009*""new"" + 0.009*""appointment"" + 0.008*""amp"" + 0.006*""week"""
2,2,"0.087*""vaccine"" + 0.042*""covid"" + 0.014*""week"" + 0.014*""people"" + 0.013*""amp"" + 0.008*""time"" + 0.007*""risk"" + 0.007*""vaccinated"" + 0.007*""age"" + 0.006*""eligible"""
3,3,"0.089*""vaccine"" + 0.062*""covid"" + 0.024*""amp"" + 0.014*""johnson"" + 0.008*""covidvaccine"" + 0.007*""vaccination"" + 0.007*""mask"" + 0.004*""long"" + 0.004*""school"" + 0.004*""free"""
4,4,"0.103*""vaccine"" + 0.046*""covid"" + 0.008*""people"" + 0.007*""amp"" + 0.007*""covidvaccine"" + 0.006*""covid19"" + 0.005*""old"" + 0.005*""safe"" + 0.005*""|"" + 0.005*""eligible"""
5,5,"0.060*""vaccine"" + 0.045*""covidvaccine"" + 0.025*""covid"" + 0.015*""trump"" + 0.013*""covid19"" + 0.009*""worker"" + 0.009*""vaccinated"" + 0.008*""people"" + 0.008*""amp"" + 0.006*""great"""
6,6,"0.091*""vaccine"" + 0.059*""covid"" + 0.014*""people"" + 0.010*""amp"" + 0.009*""death"" + 0.009*""effect"" + 0.007*""trump"" + 0.006*""covidvaccine"" + 0.005*""vaccinated"" + 0.005*""country"""
7,7,"0.124*""vaccine"" + 0.078*""covid"" + 0.006*""people"" + 0.006*""amp"" + 0.005*""today"" + 0.005*""day"" + 0.005*""year"" + 0.005*""vaccination"" + 0.005*""news"" + 0.005*""good"""
