,Topic,Words and probability
0,0,"0.078*""vaccine"" + 0.068*""covid"" + 0.015*""people"" + 0.011*""case"" + 0.010*""mandate"" + 0.009*""vaccinated"" + 0.008*""death"" + 0.007*""amp"" + 0.006*""right"" + 0.006*""risk"""
1,1,"0.099*""vaccine"" + 0.090*""covid"" + 0.010*""people"" + 0.008*""risk"" + 0.007*""death"" + 0.006*""vaccinated"" + 0.006*""thing"" + 0.005*""day"" + 0.004*""way"" + 0.004*""good"""
2,2,"0.102*""vaccine"" + 0.064*""covid"" + 0.017*""people"" + 0.011*""mandate"" + 0.009*""kid"" + 0.008*""vaccinated"" + 0.007*""long"" + 0.007*""flu"" + 0.007*""need"" + 0.006*""booster"""
3,3,"0.108*""vaccine"" + 0.084*""covid"" + 0.017*""people"" + 0.012*""amp"" + 0.010*""year"" + 0.010*""death"" + 0.009*""vaccinated"" + 0.008*""mask"" + 0.008*""child"" + 0.006*""time"""
4,4,"0.078*""vaccine"" + 0.043*""covid"" + 0.009*""people"" + 0.008*""work"" + 0.008*""risk"" + 0.007*""mandate"" + 0.007*""year"" + 0.007*""government"" + 0.007*""datum"" + 0.006*""vaccination"""
5,5,"0.080*""vaccine"" + 0.072*""covid"" + 0.026*""people"" + 0.008*""country"" + 0.008*""child"" + 0.008*""risk"" + 0.007*""long"" + 0.006*""death"" + 0.006*""amp"" + 0.006*""mask"""
6,6,"0.082*""vaccine"" + 0.068*""covid"" + 0.014*""people"" + 0.012*""work"" + 0.009*""amp"" + 0.009*""death"" + 0.009*""long"" + 0.008*""mask"" + 0.008*""vaccinated"" + 0.007*""virus"""
7,7,"0.069*""vaccine"" + 0.046*""covid"" + 0.011*""amp"" + 0.009*""booster"" + 0.007*""time"" + 0.006*""people"" + 0.005*""state"" + 0.005*""today"" + 0.005*""death"" + 0.005*""vaccinated"""
