,Topic,Words and probability
0,0,"0.108*""vaccine"" + 0.067*""covid"" + 0.013*""people"" + 0.010*""need"" + 0.008*""amp"" + 0.008*""death"" + 0.006*""vaccination"" + 0.006*""long"" + 0.006*""day"" + 0.005*""shot"""
1,1,"0.089*""vaccine"" + 0.046*""covid"" + 0.013*""people"" + 0.008*""amp"" + 0.007*""vaccination"" + 0.007*""thing"" + 0.006*""life"" + 0.006*""good"" + 0.005*""country"" + 0.005*""vaccinated"""
2,2,"0.086*""vaccine"" + 0.053*""covid"" + 0.023*""people"" + 0.020*""vaccinated"" + 0.012*""year"" + 0.012*""death"" + 0.009*""covidvaccine"" + 0.008*""india"" + 0.008*""virus"" + 0.007*""case"""
3,3,"0.110*""vaccine"" + 0.074*""covid"" + 0.018*""people"" + 0.010*""risk"" + 0.008*""dose"" + 0.006*""child"" + 0.006*""covidvaccine"" + 0.006*""amp"" + 0.006*""vaccinated"" + 0.005*""shot"""
4,4,"0.091*""vaccine"" + 0.062*""covid"" + 0.012*""amp"" + 0.008*""covidvaccine"" + 0.007*""dose"" + 0.007*""shot"" + 0.006*""people"" + 0.006*""vaccination"" + 0.006*""available"" + 0.005*""age"""
5,5,"0.089*""vaccine"" + 0.057*""covid"" + 0.013*""people"" + 0.011*""vaccination"" + 0.008*""covidvaccine"" + 0.007*""covid19"" + 0.007*""dose"" + 0.006*""amp"" + 0.006*""today"" + 0.006*""vaccinated"""
6,6,"0.099*""vaccine"" + 0.068*""covid"" + 0.010*""government"" + 0.008*""people"" + 0.008*""free"" + 0.007*""jab"" + 0.006*""vaccinated"" + 0.006*""amp"" + 0.005*""covidvaccine"" + 0.005*""country"""
7,7,"0.088*""vaccine"" + 0.060*""covid"" + 0.013*""people"" + 0.012*""vaccinated"" + 0.012*""amp"" + 0.009*""variant"" + 0.008*""covidvaccine"" + 0.007*""hospit"" + 0.007*""vaccination"" + 0.006*""work"""
