,Topic,Words and probability
0,0,"0.090*""vaccine"" + 0.067*""covid"" + 0.010*""today"" + 0.008*""state"" + 0.007*""amp"" + 0.007*""week"" + 0.007*""shot"" + 0.006*""people"" + 0.006*""india"" + 0.006*""year"""
1,1,"0.086*""vaccine"" + 0.070*""covid"" + 0.011*""people"" + 0.010*""good"" + 0.009*""today"" + 0.008*""amp"" + 0.007*""covidvaccine"" + 0.007*""death"" + 0.006*""new"" + 0.006*""year"""
2,2,"0.080*""vaccine"" + 0.063*""covid"" + 0.013*""amp"" + 0.011*""flu"" + 0.009*""year"" + 0.008*""covidvaccine"" + 0.008*""people"" + 0.008*""virus"" + 0.007*""death"" + 0.007*""time"""
3,3,"0.089*""vaccine"" + 0.055*""covid"" + 0.020*""people"" + 0.012*""covidvaccine"" + 0.011*""amp"" + 0.011*""new"" + 0.008*""covid19"" + 0.007*""variant"" + 0.005*""pfizer"" + 0.005*""country"""
4,4,"0.122*""vaccine"" + 0.069*""covid"" + 0.009*""amp"" + 0.009*""dose"" + 0.009*""people"" + 0.007*""need"" + 0.006*""day"" + 0.006*""work"" + 0.006*""covidvaccine"" + 0.005*""vaccination"""
5,5,"0.106*""vaccine"" + 0.049*""covid"" + 0.012*""people"" + 0.010*""johnson"" + 0.009*""amp"" + 0.008*""appointment"" + 0.007*""covidvaccine"" + 0.006*""county"" + 0.005*""week"" + 0.005*""time"""
6,6,"0.106*""vaccine"" + 0.039*""covid"" + 0.011*""covidvaccine"" + 0.010*""people"" + 0.009*""vaccination"" + 0.008*""covid19"" + 0.007*""day"" + 0.007*""need"" + 0.006*""amp"" + 0.006*""dose"""
7,7,"0.097*""vaccine"" + 0.048*""covid"" + 0.016*""people"" + 0.010*""effect"" + 0.009*""effective"" + 0.007*""long"" + 0.006*""risk"" + 0.006*""year"" + 0.006*""old"" + 0.006*""new"""
