Topic,Words and probability
,20-Jan
0,"immunology,  vaccine,  immunity,  immunoindustry,  immunotherapy,  doctor,  rome,  immunoscientist,  heamatology,  microbiology"
1,"bookmark,  vaccine,  immunesystem,  immunity,  date,  visit,  vaccineswork,  immunochemistryconferences + immunotherapy,  pathologic"
2,"|,  presentation,  poster,  vaccine,  rome,  ity,  research,  l,  immunologyconference,  opportunity"
3,"immunochemistry,  immunology,  virology,  pathologic,  immunotherapy,  immunochemistryconferences + vaccineswork,  visit,  date,  immunity"
4,"vaccine,  immunology,  |,  ity,  rome,  immunity,  immunochemistry,  pathology,  immunotherapy,  speaker"
5,"vaccine,  immunology,  |,  immunity,  rome,  immunochemistry,  ity,  immunotherapy,  pathology,  virology"
6,"vaccine,  rome,  ity,  immunology,  immunochemistry,  foodsafy,  immunity,  amp,  upcoming,  foodscience"
7,"vaccine,  immunology,  |,  rome,  ity,  immunotherapy,  immunity,  immunochemistry,  virology,  expert"
,20-Feb
0,"vaccine,  coronavirus,  amp,  month,  ready,  trump,  covid,  new,  flu,  cdc"
1,"vaccine,  coronavirus,  covid,  ready,  new,  month,  virus,  sar,  flu,  covid"
2,"vaccine,  coronavirus,  flu,  covid,  virus,  tris,  drug,  covid,  good,  year"
3,"vaccine,  covid,  people,  company,  drug,  sar,  time,  moderna,  flu,  batch"
4,"vaccine,  flu,  virus,  covid,  year,  coronavirus,  treatment,  people,  amp,  available"
5,"vaccine,  coronavirus,  covid,  drug,  virus,  year,  treatment,  people,  need,  amp"
6,"vaccine,  coronavirus,  covid,  amp,  flu,  prevent,  death,  pandemic,  china,  disease"
7,"vaccine,  flu,  people,  rate,  virus,  coronavirus,  covid,  amp,  month,  new"
,20-Mar
0,"vaccine,  coronavirus,  covid,  virus,  human,  time,  covid,  test,  tri,  flu"
1,"vaccine,  flu,  virus,  covid,  people,  amp,  need,  research,  world,  rate"
2,"vaccine,  covid,  virus,  treatment,  research,  amp,  rate,  johnson,  coronavirus,  good"
3,"vaccine,  covid,  flu,  coronavirus,  people,  treatment,  time,  death,  way,  cure"
4,"vaccine,  covid,  people,  flu,  virus,  coronavirus,  amp,  world,  immunity,  company"
5,"vaccine,  covid,  people,  flu,  virus,  year,  amp,  trump,  coronavirus,  time"
6,"vaccine,  covid,  flu,  virus,  coronavirus,  year,  prevent,  disease,  need,  rate"
7,"vaccine,  covid,  flu,  virus,  test,  amp,  new,  month,  good,  people"
,20-Apr
0,"vaccine,  covid,  people,  virus,  test,  flu,  amp,  need,  time,  world"
1,"vaccine,  covid,  world,  coronavirus,  amp,  year,  new,  gate,  pandemic,  death"
2,"vaccine,  covid,  flu,  coronavirus,  people,  need,  virus,  testing,  immunity,  death"
3,"vaccine,  coronavirus,  covid,  covid,  tris,  people,  scientist,  test,  human,  flu"
4,"vaccine,  covid,  flu,  people,  death,  testing,  year,  virus,  africa,  treatment"
5,"vaccine,  covid,  work,  people,  treatment,  year,  flu,  virus,  trump,  amp"
6,"vaccine,  covid,  amp,  virus,  gate,  people,  human,  flu,  need,  tri"
7,"vaccine,  covid,  virus,  amp,  people,  treatment,  cure,  time,  world,  research"
,20-May
0,"vaccine,  covid,  amp,  china,  test,  coronavirus,  need,  covid,  trump,  people"
1,"vaccine,  covid,  amp,  coronavirus,  trump,  world,  death,  pandemic,  new,  people"
2,"vaccine,  covid,  flu,  coronavirus,  virus,  amp,  covid,  people,  long,  research"
3,"vaccine,  covid,  flu,  people,  year,  virus,  treatment,  need,  amp,  gate"
4,"vaccine,  covid,  world,  virus,  coronavirus,  people,  amp,  news,  death,  time"
5,"vaccine,  covid,  people,  world,  virus,  time,  amp,  trump,  good,  death"
6,"vaccine,  covid,  flu,  tris,  clinic,  death,  tri,  trump,  china,  today"
7,"vaccine,  covid,  coronavirus,  virus,  new,  work,  people,  year,  trump,  tris"
,20-Jun
0,"vaccine,  covid,  people,  amp,  year,  virus,  world,  tri,  development,  cure"
1,"vaccine,  covid,  flu,  year,  people,  amp,  available,  need,  good,  end"
2,"vaccine,  covid,  people,  flu,  virus,  time,  need,  new,  china,  amp"
3,"vaccine,  covid,  amp,  virus,  research,  scientist,  flu,  year,  need,  public"
4,"vaccine,  covid,  coronavirus,  people,  amp,  news,  time,  tri,  spread,  virus"
5,"vaccine,  covid,  virus,  tris,  people,  good,  gate,  coronavirus,  amp,  treatment"
6,"vaccine,  covid,  people,  amp,  coronavirus,  world,  trump,  testing,  mask,  end"
7,"vaccine,  covid,  year,  tris,  news,  mask,  covid,  world,  clinic,  amp"
,20-Jul
0,"vaccine,  covid,  tri,  news,  good,  oxford,  phase,  need,  available,  tris"
1,"vaccine,  covid,  amp,  flu,  mask,  people,  long,  way,  work,  time"
2,"vaccine,  covid,  amp,  new,  coronavirus,  news,  covid,  year,  death,  oxford"
3,"vaccine,  covid,  people,  immunity,  human,  coronavirus,  need,  work,  tris,  testing"
4,"vaccine,  covid,  trump,  amp,  covid,  tris,  mark,  news,  china,  child"
5,"vaccine,  covid,  flu,  tris,  world,  news,  virus,  year,  people,  good"
6,"vaccine,  covid,  people,  virus,  amp,  year,  russia,  flu,  death,  coronavirus"
7,"vaccine,  covid,  people,  flu,  research,  tri,  need,  coronavirus,  india,  world"
,20-Aug
0,"vaccine,  covid,  russia,  amp,  world,  virus,  tri,  putin,  need,  year"
1,"vaccine,  covid,  russia,  amp,  flu,  people,  virus,  work,  life,  thing"
2,"vaccine,  covid,  flu,  year,  new,  need,  trump,  covidvaccine,  immunity,  news"
3,"vaccine,  covid,  flu,  russia,  effective,  news,  coronavirus,  amp,  country,  covid"
4,"vaccine,  covid,  flu,  people,  trump,  russia,  month,  new,  covid,  mask"
5,"vaccine,  covid,  people,  russia,  flu,  world,  year,  tris,  putin,  coronavirus"
6,"vaccine,  covid,  trump,  russia,  good,  tris,  amp,  people,  flu,  virus"
7,"vaccine,  covid,  trump,  india,  russia,  people,  year,  world,  country,  amp"
,20-Sep
0,"vaccine,  covid,  flu,  people,  trump,  year,  need,  available,  amp,  mask"
1,"vaccine,  covid,  people,  flu,  tri,  mask,  trump,  tris,  country,  death"
2,"vaccine,  covid,  trump,  amp,  people,  news,  cdc,  tri,  state,  tris"
3,"vaccine,  covid,  trump,  amp,  astrazeneca,  people,  good,  tri,  virus,  study"
4,"vaccine,  covid,  trump,  amp,  cdc,  case,  year,  tris,  people,  end"
5,"vaccine,  covid,  trump,  news,  coronavirus,  |,  election,  people,  tris,  time"
6,"vaccine,  covid,  flu,  people,  year,  virus,  tris,  shot,  time,  amp"
7,"vaccine,  covid,  trump,  people,  amp,  end,  work,  safe,  election,  tris"
,20-Oct
0,"vaccine,  covid,  amp,  trump,  people,  flu,  free,  need,  tri,  new"
1,"vaccine,  covid,  trump,  people,  amp,  virus,  flu,  safe,  year,  time"
2,"vaccine,  covid,  amp,  johnson,  people,  plan,  illness,  new,  company,  year"
3,"vaccine,  covid,  year,  trump,  people,  amp,  tris,  death,  plan,  johnson"
4,"vaccine,  flu,  covid,  year,  virus,  shot,  people,  amp,  tri,  need"
5,"vaccine,  covid,  tri,  amp,  people,  immunity,  johnson,  mask,  tris,  coronavirus"
6,"vaccine,  covid,  people,  trump,  plan,  world,  news,  pfizer,  free,  day"
7,"vaccine,  covid,  new,  news,  amp,  government,  country,  india,  effective,  people"
,20-Nov
0,"vaccine,  covid,  pfizer,  news,  trump,  effective,  amp,  people,  election,  world"
1,"vaccine,  covid,  effective,  pfizer,  people,  new,  year,  coronavirus,  flu,  news"
2,"vaccine,  covid,  pfizer,  people,  news,  amp,  biden,  effective,  flu,  year"
3,"vaccine,  covid,  pfizer,  covidvaccine,  effective,  datum,  need,  trump,  result,  company"
4,"vaccine,  covid,  people,  month,  virus,  amp,  good,  covidvaccine,  flu,  day"
5,"vaccine,  covid,  news,  pfizer,  people,  effective,  amp,  covid,  covidvaccine,  trump"
6,"vaccine,  covid,  pfizer,  trump,  effective,  biden,  biontech,  tri,  president,  people"
7,"vaccine,  covid,  people,  day,  pfizer,  flu,  trump,  effective,  time,  thing"
,20-Dec
0,"vaccine,  covid,  people,  need,  amp,  covidvaccine,  new,  flu,  virus,  long"
1,"vaccine,  covid,  people,  trump,  time,  worker,  good,  pfizer,  day,  news"
2,"vaccine,  covid,  covidvaccine,  covid,  people,  pfizer,  amp,  news,  state,  world"
3,"vaccine,  covid,  people,  need,  covidvaccine,  black,  country,  amp,  death,  government"
4,"vaccine,  covid,  trump,  dose,  people,  covidvaccine,  pfizer,  uk,  week,  news"
5,"vaccine,  covid,  year,  people,  covidvaccine,  work,  safe,  amp,  covid,  risk"
6,"vaccine,  covid,  covidvaccine,  trump,  year,  pfizer,  amp,  today,  right,  covid"
7,"vaccine,  covid,  pfizer,  amp,  covidvaccine,  people,  effect,  covid,  flu,  use"
,21-Jan
0,"vaccine,  covid,  people,  need,  flu,  worker,  amp,  new,  country,  year"
1,"vaccine,  covid,  year,  old,  covidvaccine,  need,  new,  people,  good,  free"
2,"vaccine,  covid,  amp,  people,  death,  effect,  day,  time,  worker,  risk"
3,"vaccine,  covid,  covidvaccine,  year,  virus,  work,  new,  people,  amp,  dose"
4,"vaccine,  covid,  covidvaccine,  new,  county,  people,  today,  time,  news,  amp"
5,"vaccine,  covid,  people,  new,  pfizer,  dose,  day,  covidvaccine,  vaccination,  year"
6,"vaccine,  covid,  covidvaccine,  amp,  people,  covid,  vaccination,  india,  worker,  care"
7,"vaccine,  covid,  covidvaccine,  amp,  time,  today,  day,  |,  need,  covid"
,21-Feb
0,"vaccine,  covid,  today,  state,  amp,  week,  shot,  people,  india,  year"
1,"vaccine,  covid,  people,  good,  today,  amp,  covidvaccine,  death,  new,  year"
2,"vaccine,  covid,  amp,  flu,  year,  covidvaccine,  people,  virus,  death,  time"
3,"vaccine,  covid,  people,  covidvaccine,  amp,  new,  covid,  variant,  pfizer,  country"
4,"vaccine,  covid,  amp,  dose,  people,  need,  day,  work,  covidvaccine,  vaccination"
5,"vaccine,  covid,  people,  johnson,  amp,  appointment,  covidvaccine,  county,  week,  time"
6,"vaccine,  covid,  covidvaccine,  people,  vaccination,  covid,  day,  need,  amp,  dose"
7,"vaccine,  covid,  people,  effect,  effective,  long,  risk,  year,  old,  new"
,21-Mar
0,"vaccine,  covid,  people,  country,  day,  amp,  vaccinated,  mask,  india,  vaccination"
1,"vaccine,  covid,  people,  shot,  today,  dose,  new,  appointment,  amp,  week"
2,"vaccine,  covid,  week,  people,  amp,  time,  risk,  vaccinated,  age,  eligible"
3,"vaccine,  covid,  amp,  johnson,  covidvaccine,  vaccination,  mask,  long,  school,  free"
4,"vaccine,  covid,  people,  amp,  covidvaccine,  covid,  old,  safe,  |,  eligible"
5,"vaccine,  covidvaccine,  covid,  trump,  covid,  worker,  vaccinated,  people,  amp,  great"
6,"vaccine,  covid,  people,  amp,  death,  effect,  trump,  covidvaccine,  vaccinated,  country"
7,"vaccine,  covid,  people,  amp,  today,  day,  year,  vaccination,  news,  good"
,21-Apr
0,"vaccine,  covid,  covidvaccine,  people,  need,  new,  case,  india,  vaccinated,  week"
1,"vaccine,  covid,  passport,  country,  amp,  day,  vaccination,  people,  virus,  time"
2,"vaccine,  covid,  effect,  people,  india,  dose,  case,  risk,  passport,  day"
3,"vaccine,  covid,  amp,  covidvaccine,  long,  people,  vaccinated,  appointment,  time,  covid"
4,"vaccine,  covid,  people,  risk,  death,  vaccinated,  year,  mask,  virus,  need"
5,"vaccine,  covid,  shot,  pfizer,  today,  people,  moderna,  covidvaccine,  work,  year"
6,"vaccine,  covid,  johnson,  amp,  today,  year,  covidvaccine,  blood,  week,  clot"
7,"vaccine,  covid,  people,  vaccination,  appointment,  amp,  shot,  vaccinated,  day,  covidvaccine"
,21-May
0,"vaccine,  covid,  people,  vaccinated,  good,  mask,  amp,  covidvaccine,  vaccination,  death"
1,"vaccine,  covid,  people,  vaccination,  amp,  today,  year,  covidvaccine,  time,  variant"
2,"vaccine,  covid,  people,  need,  child,  shot,  amp,  news,  country,  new"
3,"vaccine,  covid,  shot,  day,  year,  people,  covidvaccine,  india,  time,  case"
4,"vaccine,  covid,  people,  amp,  risk,  need,  effect,  vaccinated,  long,  india"
5,"vaccine,  covid,  pfizer,  amp,  death,  india,  vaccinated,  dose,  vaccination,  covidvaccine"
6,"vaccine,  covid,  people,  vaccinated,  time,  dose,  vaccination,  amp,  death,  long"
7,"vaccine,  covid,  covidvaccine,  shot,  pfizer,  day,  covid,  moderna,  appointment,  people"
,21-Jun
0,"vaccine,  covid,  people,  need,  amp,  death,  vaccination,  long,  day,  shot"
1,"vaccine,  covid,  people,  amp,  vaccination,  thing,  life,  good,  country,  vaccinated"
2,"vaccine,  covid,  people,  vaccinated,  year,  death,  covidvaccine,  india,  virus,  case"
3,"vaccine,  covid,  people,  risk,  dose,  child,  covidvaccine,  amp,  vaccinated,  shot"
4,"vaccine,  covid,  amp,  covidvaccine,  dose,  shot,  people,  vaccination,  available,  age"
5,"vaccine,  covid,  people,  vaccination,  covidvaccine,  covid,  dose,  amp,  today,  vaccinated"
6,"vaccine,  covid,  government,  people,  free,  jab,  vaccinated,  amp,  covidvaccine,  country"
7,"vaccine,  covid,  people,  vaccinated,  amp,  variant,  covidvaccine,  hospit,  vaccination,  work"
,21-Jul
0,"vaccine,  covid,  people,  vaccinated,  amp,  variant,  covidvaccine,  unvaccinated,  death,  mask"
1,"vaccine,  covid,  people,  vaccinated,  amp,  free,  life,  covidvaccine,  long,  death"
2,"vaccine,  covid,  people,  death,  risk,  long,  amp,  vaccinated,  vaccination,  year"
3,"vaccine,  covid,  people,  shot,  variant,  amp,  vaccinated,  year,  day,  pfizer"
4,"vaccine,  covid,  vaccinated,  risk,  covidvaccine,  case,  people,  system,  pfizer,  day"
5,"vaccine,  covid,  people,  vaccinated,  mask,  work,  case,  government,  news,  pfizer"
6,"vaccine,  covid,  new,  vaccination,  people,  death,  vaccinated,  state,  help,  amp"
7,"vaccine,  covid,  flu,  good,  vaccinated,  virus,  need,  variant,  long,  amp"
,21-Aug
0,"vaccine,  covid,  people,  vaccinated,  risk,  virus,  vaccination,  long,  life,  immune"
1,"vaccine,  covid,  people,  effect,  long,  bad,  time,  amp,  term,  pfizer"
2,"vaccine,  covid,  people,  vaccinated,  amp,  mask,  sick,  safe,  mandate,  hospit"
3,"vaccine,  covid,  mask,  covidvaccine,  amp,  anti,  people,  shot,  school,  work"
4,"vaccine,  covid,  vaccinated,  amp,  people,  shot,  year,  flu,  case,  risk"
5,"vaccine,  covid,  people,  vaccinated,  mask,  amp,  variant,  work,  need,  new"
6,"vaccine,  covid,  people,  death,  virus,  datum,  need,  world,  vaccinated,  rate"
7,"vaccine,  covid,  covidvaccine,  people,  anti,  mask,  test,  vaccination,  vaccinated,  state"
,21-Sep
0,"vaccine,  covid,  vaccinated,  amp,  people,  vaccination,  covidvaccine,  covid,  way,  child"
1,"vaccine,  covid,  people,  vaccinated,  mask,  death,  case,  vaccination,  risk,  mandate"
2,"vaccine,  covid,  people,  amp,  death,  vaccinated,  long,  virus,  mask,  need"
3,"vaccine,  covid,  people,  vaccinated,  year,  amp,  pfizer,  free,  need,  good"
4,"vaccine,  covid,  people,  right,  variant,  immunity,  new,  vaccinated,  effective,  good"
5,"vaccine,  covid,  people,  child,  year,  amp,  anti,  death,  person,  fact"
6,"vaccine,  covid,  people,  risk,  time,  vaccinated,  effect,  long,  thing,  hospit"
7,"vaccine,  covid,  test,  vaccinated,  people,  biden,  time,  shot,  flu,  amp"
,21-Oct
0,"vaccine,  covid,  amp,  people,  month,  vaccinated,  need,  death,  shot,  year"
1,"vaccine,  covid,  people,  child,  vaccinated,  pfizer,  vaccination,  science,  medic,  risk"
2,"vaccine,  covid,  shot,  people,  amp,  flu,  vaccinated,  year,  mask,  mandate"
3,"vaccine,  covid,  mandate,  kid,  risk,  people,  immunity,  vaccination,  vaccinated,  death"
4,"vaccine,  covid,  people,  vaccinated,  death,  time,  mandate,  news,  need,  booster"
5,"vaccine,  covid,  death,  vaccinated,  virus,  country,  work,  high,  pandemic,  new"
6,"vaccine,  covid,  people,  flu,  vaccinated,  year,  death,  amp,  work,  risk"
7,"vaccine,  covid,  people,  vaccinated,  effect,  long,  death,  shot,  immunity,  amp"
,21-Nov
0,"vaccine,  covid,  people,  mandate,  booster,  amp,  pfizer,  year,  kid,  pandemic"
1,"vaccine,  covid,  people,  pfizer,  vaccinated,  child,  good,  amp,  booster,  work"
2,"vaccine,  covid,  death,  vaccinated,  year,  flu,  effect,  case,  shot,  life"
3,"vaccine,  covid,  kid,  risk,  people,  shot,  booster,  vaccinated,  amp,  child"
4,"vaccine,  covid,  kid,  child,  year,  age,  long,  shot,  parent,  school"
5,"vaccine,  covid,  people,  vaccinated,  amp,  year,  kid,  death,  day,  shot"
6,"vaccine,  covid,  people,  death,  work,  month,  vaccinated,  immunity,  amp,  risk"
7,"vaccine,  covid,  child,  mandate,  people,  vaccinated,  pfizer,  age,  virus,  cdc"
,21-Dec
0,"vaccine,  covid,  people,  omicron,  risk,  booster,  variant,  vaccinated,  case,  death"
1,"vaccine,  covid,  covidvaccine,  vaccination,  covid,  booster,  patient,  omicron,  people,  today"
2,"vaccine,  covid,  amp,  people,  year,  virus,  immunity,  hospit,  work,  pfizer"
3,"vaccine,  covid,  people,  vaccinated,  amp,  death,  mandate,  mask,  risk,  shot"
4,"vaccine,  covid,  booster,  day,  flu,  year,  shot,  new,  anti,  mandate"
5,"vaccine,  covid,  people,  virus,  death,  time,  booster,  new,  amp,  mandate"
6,"vaccine,  covid,  people,  work,  vaccinated,  booster,  long,  year,  variant,  flu"
7,"vaccine,  covid,  people,  year,  covidvaccine,  booster,  vaccinated,  child,  world,  lamb"
,Jan-22
0,"vaccine,  covid,  people,  amp,  year,  mandate,  booster,  virus,  country,  effective"
1,"covid,  vaccine,  people,  vaccinated,  work,  year,  time,  mask,  death,  prevent"
2,"vaccine,  covid,  death,  mrna,  life,  new,  booster,  question,  mandate,  vaccination"
3,"vaccine,  covid,  booster,  people,  mandate,  need,  child,  school,  kid,  day"
4,"vaccine,  covid,  death,  amp,  case,  time,  people,  long,  datum,  sick"
5,"vaccine,  covid,  people,  vaccinated,  amp,  risk,  work,  bad,  long,  new"
6,"vaccine,  covid,  vaccinated,  omicron,  good,  virus,  year,  people,  time,  mask"
7,"vaccine,  covid,  amp,  vaccinated,  virus,  booster,  child,  people,  pfizer,  vaccination"
,Feb-22
0,"vaccine,  covid,  people,  case,  mandate,  vaccinated,  death,  amp,  right,  risk"
1,"vaccine,  covid,  people,  risk,  death,  vaccinated,  thing,  day,  way,  good"
2,"vaccine,  covid,  people,  mandate,  kid,  vaccinated,  long,  flu,  need,  booster"
3,"vaccine,  covid,  people,  amp,  year,  death,  vaccinated,  mask,  child,  time"
4,"vaccine,  covid,  people,  work,  risk,  mandate,  year,  government,  datum,  vaccination"
5,"vaccine,  covid,  people,  country,  child,  risk,  long,  death,  amp,  mask"
6,"vaccine,  covid,  people,  work,  amp,  death,  long,  mask,  vaccinated,  virus"
7,"vaccine,  covid,  amp,  booster,  time,  people,  state,  today,  death,  vaccinated"
