,Topic,Words and probability
0,0,"0.092*""vaccine"" + 0.021*""covid"" + 0.012*""coronavirus"" + 0.012*""treatment"" + 0.011*""flu"" + 0.009*""virus"" + 0.009*""test"" + 0.009*""trump"" + 0.008*""available"" + 0.008*""covid19"""
1,1,"0.082*""vaccine"" + 0.031*""flu"" + 0.027*""covid"" + 0.020*""amp"" + 0.011*""world"" + 0.010*""cure"" + 0.008*""pandemic"" + 0.008*""people"" + 0.008*""coronavirus"" + 0.008*""case"""
2,2,"0.092*""vaccine"" + 0.031*""covid"" + 0.016*""virus"" + 0.015*""flu"" + 0.011*""people"" + 0.010*""trump"" + 0.009*""work"" + 0.008*""month"" + 0.007*""amp"" + 0.006*""research"""
3,3,"0.102*""vaccine"" + 0.017*""covid"" + 0.011*""trump"" + 0.009*""scientist"" + 0.009*""coronavirus"" + 0.007*""company"" + 0.007*""german"" + 0.007*""right"" + 0.007*""cure"" + 0.007*""day"""
4,4,"0.075*""vaccine"" + 0.038*""covid"" + 0.011*""time"" + 0.008*""flu"" + 0.008*""coronavirus"" + 0.007*""virus"" + 0.007*""scientist"" + 0.006*""rate"" + 0.006*""year"" + 0.006*""amp"""
5,5,"0.090*""vaccine"" + 0.036*""covid"" + 0.034*""virus"" + 0.018*""flu"" + 0.016*""people"" + 0.009*""amp"" + 0.009*""coronavirus"" + 0.007*""rate"" + 0.006*""corona"" + 0.006*""new"""
6,6,"0.064*""vaccine"" + 0.018*""covid"" + 0.015*""coronavirus"" + 0.009*""human"" + 0.008*""testing"" + 0.007*""covid19"" + 0.007*""virus"" + 0.006*""flu"" + 0.006*""development"" + 0.006*""amp"""
7,7,"0.117*""vaccine"" + 0.026*""flu"" + 0.024*""covid"" + 0.021*""coronavirus"" + 0.014*""people"" + 0.009*""year"" + 0.007*""virus"" + 0.007*""covid19"" + 0.007*""amp"" + 0.006*""immunity"""
