,Topic,Words and probability
0,0,"0.093*""vaccine"" + 0.072*""covid"" + 0.013*""booster"" + 0.011*""shot"" + 0.010*""flu"" + 0.009*""time"" + 0.008*""spread"" + 0.008*""pfizer"" + 0.006*""need"" + 0.006*""risk"""
1,1,"0.105*""vaccine"" + 0.072*""covid"" + 0.022*""people"" + 0.009*""death"" + 0.009*""vaccinated"" + 0.008*""booster"" + 0.007*""amp"" + 0.007*""virus"" + 0.007*""immunity"" + 0.006*""year"""
2,2,"0.077*""vaccine"" + 0.051*""covid"" + 0.016*""year"" + 0.010*""time"" + 0.008*""new"" + 0.008*""flu"" + 0.008*""|"" + 0.007*""mandate"" + 0.007*""death"" + 0.007*""work"""
3,3,"0.100*""vaccine"" + 0.097*""covid"" + 0.020*""people"" + 0.012*""vaccinated"" + 0.010*""work"" + 0.007*""amp"" + 0.006*""mask"" + 0.006*""prevent"" + 0.005*""booster"" + 0.005*""mandate"""
4,4,"0.087*""vaccine"" + 0.054*""covid"" + 0.025*""amp"" + 0.015*""risk"" + 0.012*""vaccinated"" + 0.008*""life"" + 0.007*""death"" + 0.007*""booster"" + 0.007*""anti"" + 0.007*""people"""
5,5,"0.102*""vaccine"" + 0.074*""covid"" + 0.011*""year"" + 0.010*""booster"" + 0.009*""new"" + 0.009*""omicron"" + 0.008*""death"" + 0.007*""people"" + 0.006*""case"" + 0.006*""variant"""
6,6,"0.082*""vaccine"" + 0.060*""covid"" + 0.023*""people"" + 0.011*""covidvaccine"" + 0.010*""omicron"" + 0.010*""mandate"" + 0.009*""vaccinated"" + 0.007*""pfizer"" + 0.006*""year"" + 0.006*""variant"""
7,7,"0.087*""vaccine"" + 0.064*""covid"" + 0.029*""people"" + 0.014*""vaccinated"" + 0.009*""death"" + 0.009*""effective"" + 0.009*""mandate"" + 0.007*""safe"" + 0.007*""mask"" + 0.006*""good"""
