,Topic,Words and probability
0,0,"0.086*""vaccine"" + 0.022*""flu"" + 0.020*""coronavirus"" + 0.017*""drug"" + 0.017*""tris"" + 0.014*""covid"" + 0.010*""time"" + 0.010*""|"" + 0.009*""amp"" + 0.009*""new"""
1,1,"0.089*""vaccine"" + 0.021*""virus"" + 0.019*""covid"" + 0.016*""people"" + 0.015*""flu"" + 0.012*""available"" + 0.011*""month"" + 0.009*""coronavirus"" + 0.008*""time"" + 0.007*""year"""
2,2,"0.094*""vaccine"" + 0.044*""flu"" + 0.020*""coronavirus"" + 0.014*""rate"" + 0.011*""people"" + 0.010*""covid"" + 0.009*""development"" + 0.008*""time"" + 0.008*""mortity"" + 0.007*""year"""
3,3,"0.095*""vaccine"" + 0.039*""coronavirus"" + 0.014*""flu"" + 0.013*""new"" + 0.013*""virus"" + 0.010*""covid19"" + 0.009*""covid"" + 0.009*""sar"" + 0.008*""month"" + 0.008*""people"""
4,4,"0.096*""vaccine"" + 0.023*""coronavirus"" + 0.019*""amp"" + 0.019*""covid"" + 0.015*""flu"" + 0.014*""virus"" + 0.008*""drug"" + 0.008*""people"" + 0.007*""year"" + 0.007*""new"""
5,5,"0.085*""vaccine"" + 0.023*""coronavirus"" + 0.018*""virus"" + 0.012*""flu"" + 0.010*""year"" + 0.010*""covid"" + 0.010*""month"" + 0.009*""treatment"" + 0.007*""tris"" + 0.007*""time"""
6,6,"0.100*""vaccine"" + 0.031*""coronavirus"" + 0.023*""covid"" + 0.010*""month"" + 0.010*""flu"" + 0.009*""human"" + 0.009*""ready"" + 0.009*""company"" + 0.008*""tris"" + 0.008*""virus"""
7,7,"0.081*""vaccine"" + 0.024*""covid"" + 0.018*""virus"" + 0.016*""coronavirus"" + 0.015*""flu"" + 0.011*""new"" + 0.009*""world"" + 0.009*""year"" + 0.008*""people"" + 0.007*""development"""
