,Topic,Words and probability
0,0,"0.102*""vaccine"" + 0.066*""covid"" + 0.015*""amp"" + 0.015*""people"" + 0.009*""shot"" + 0.009*""time"" + 0.007*""death"" + 0.006*""anti"" + 0.006*""dose"" + 0.006*""mask"""
1,1,"0.096*""vaccine"" + 0.066*""covid"" + 0.012*""immunity"" + 0.012*""people"" + 0.010*""mask"" + 0.008*""mandate"" + 0.007*""virus"" + 0.007*""year"" + 0.007*""risk"" + 0.007*""new"""
2,2,"0.113*""vaccine"" + 0.088*""covid"" + 0.021*""people"" + 0.011*""long"" + 0.010*""vaccinated"" + 0.009*""effect"" + 0.009*""risk"" + 0.007*""death"" + 0.006*""child"" + 0.006*""term"""
3,3,"0.092*""vaccine"" + 0.044*""covid"" + 0.016*""flu"" + 0.010*""shot"" + 0.010*""people"" + 0.009*""child"" + 0.009*""mask"" + 0.008*""amp"" + 0.007*""spread"" + 0.007*""vaccination"""
4,4,"0.090*""vaccine"" + 0.077*""covid"" + 0.020*""people"" + 0.011*""right"" + 0.011*""vaccinated"" + 0.009*""hospit"" + 0.009*""work"" + 0.008*""life"" + 0.008*""shot"" + 0.007*""death"""
5,5,"0.084*""vaccine"" + 0.066*""covid"" + 0.026*""people"" + 0.025*""vaccinated"" + 0.013*""effective"" + 0.011*""case"" + 0.011*""variant"" + 0.009*""death"" + 0.008*""year"" + 0.007*""delta"""
6,6,"0.089*""vaccine"" + 0.073*""covid"" + 0.028*""people"" + 0.012*""amp"" + 0.007*""fact"" + 0.006*""mandate"" + 0.005*""vaccinated"" + 0.005*""risk"" + 0.005*""work"" + 0.005*""good"""
7,7,"0.098*""vaccine"" + 0.088*""covid"" + 0.013*""vaccinated"" + 0.013*""people"" + 0.007*""test"" + 0.006*""death"" + 0.006*""day"" + 0.006*""unvaccinated"" + 0.006*""passport"" + 0.006*""hospit"""
