,Topic,Words and probability
0,0,"0.065*""vaccine"" + 0.022*""covid"" + 0.013*""vaccinated"" + 0.013*""people"" + 0.010*""amp"" + 0.009*""covidvaccine"" + 0.006*""world"" + 0.006*""public"" + 0.006*""clinic"" + 0.005*""dose"""
1,1,"0.084*""vaccine"" + 0.030*""covid"" + 0.021*""people"" + 0.014*""pfizer"" + 0.011*""covidvaccine"" + 0.011*""amp"" + 0.010*""vaccination"" + 0.007*""year"" + 0.007*""dose"" + 0.007*""covid19"""
2,2,"0.090*""vaccine"" + 0.037*""covid"" + 0.012*""covidvaccine"" + 0.009*""pfizer"" + 0.008*""amp"" + 0.008*""people"" + 0.007*""world"" + 0.007*""virus"" + 0.006*""today"" + 0.006*""vaccination"""
3,3,"0.114*""vaccine"" + 0.090*""covid"" + 0.010*""vaccinated"" + 0.010*""people"" + 0.008*""shot"" + 0.006*""amp"" + 0.005*""need"" + 0.005*""time"" + 0.005*""risk"" + 0.005*""vaccination"""
4,4,"0.073*""vaccine"" + 0.052*""covid"" + 0.014*""amp"" + 0.012*""people"" + 0.011*""covidvaccine"" + 0.008*""vaccinated"" + 0.006*""year"" + 0.005*""india"" + 0.005*""covid19"" + 0.005*""day"""
5,5,"0.099*""vaccine"" + 0.074*""covid"" + 0.031*""people"" + 0.010*""death"" + 0.008*""vaccinated"" + 0.007*""good"" + 0.006*""news"" + 0.006*""effect"" + 0.005*""mask"" + 0.005*""need"""
6,6,"0.084*""vaccine"" + 0.052*""covid"" + 0.009*""amp"" + 0.008*""covidvaccine"" + 0.008*""state"" + 0.007*""time"" + 0.007*""vaccination"" + 0.006*""people"" + 0.005*""india"" + 0.005*""death"""
7,7,"0.098*""vaccine"" + 0.036*""covid"" + 0.010*""india"" + 0.008*""year"" + 0.008*""amp"" + 0.007*""shot"" + 0.007*""vaccination"" + 0.006*""day"" + 0.006*""people"" + 0.006*""appointment"""
