,Topic,Words and probability
0,0,"0.113*""vaccine"" + 0.070*""covid"" + 0.015*""vaccinated"" + 0.013*""people"" + 0.008*""variant"" + 0.008*""need"" + 0.007*""hospit"" + 0.007*""shot"" + 0.006*""vaccination"" + 0.006*""mask"""
1,1,"0.085*""vaccine"" + 0.069*""covid"" + 0.017*""vaccinated"" + 0.017*""people"" + 0.008*""anti"" + 0.007*""effect"" + 0.007*""covidvaccine"" + 0.006*""year"" + 0.006*""variant"" + 0.006*""day"""
2,2,"0.092*""vaccine"" + 0.079*""covid"" + 0.026*""people"" + 0.010*""virus"" + 0.008*""amp"" + 0.007*""long"" + 0.007*""effect"" + 0.007*""vax"" + 0.007*""vaccinated"" + 0.006*""mask"""
3,3,"0.102*""vaccine"" + 0.064*""covid"" + 0.023*""people"" + 0.017*""pfizer"" + 0.015*""shot"" + 0.012*""death"" + 0.011*""flu"" + 0.007*""day"" + 0.007*""child"" + 0.006*""moderna"""
4,4,"0.097*""vaccine"" + 0.088*""covid"" + 0.017*""amp"" + 0.016*""people"" + 0.013*""vaccinated"" + 0.012*""mask"" + 0.007*""work"" + 0.007*""mandate"" + 0.006*""year"" + 0.006*""long"""
5,5,"0.106*""vaccine"" + 0.072*""covid"" + 0.022*""people"" + 0.012*""vaccinated"" + 0.012*""death"" + 0.008*""case"" + 0.007*""immune"" + 0.007*""amp"" + 0.007*""bad"" + 0.006*""virus"""
6,6,"0.089*""vaccine"" + 0.071*""covid"" + 0.027*""people"" + 0.007*""amp"" + 0.007*""vaccinated"" + 0.007*""covidvaccine"" + 0.006*""long"" + 0.006*""bad"" + 0.006*""time"" + 0.006*""vaccination"""
7,7,"0.098*""vaccine"" + 0.057*""covid"" + 0.012*""people"" + 0.009*""new"" + 0.009*""effect"" + 0.007*""risk"" + 0.007*""test"" + 0.007*""vaccinated"" + 0.007*""need"" + 0.006*""death"""
