,Topic,Words and probability
0,0,"0.088*""vaccine"" + 0.069*""covid"" + 0.015*""vaccinated"" + 0.015*""people"" + 0.014*""mandate"" + 0.012*""amp"" + 0.009*""immunity"" + 0.009*""effect"" + 0.009*""long"" + 0.008*""flu"""
1,1,"0.095*""vaccine"" + 0.067*""covid"" + 0.016*""people"" + 0.015*""amp"" + 0.011*""mandate"" + 0.009*""risk"" + 0.007*""immunity"" + 0.006*""vaccinated"" + 0.006*""vaccination"" + 0.005*""country"""
2,2,"0.091*""vaccine"" + 0.054*""covid"" + 0.014*""people"" + 0.012*""amp"" + 0.010*""shot"" + 0.010*""antibody"" + 0.008*""pfizer"" + 0.008*""test"" + 0.008*""new"" + 0.007*""vaccinated"""
3,3,"0.097*""vaccine"" + 0.077*""covid"" + 0.027*""people"" + 0.014*""risk"" + 0.010*""vaccinated"" + 0.010*""virus"" + 0.008*""year"" + 0.008*""immunity"" + 0.006*""effect"" + 0.006*""amp"""
4,4,"0.120*""vaccine"" + 0.082*""covid"" + 0.016*""death"" + 0.013*""people"" + 0.010*""vaccinated"" + 0.009*""year"" + 0.008*""work"" + 0.006*""case"" + 0.005*""amp"" + 0.005*""spread"""
5,5,"0.088*""vaccine"" + 0.084*""covid"" + 0.019*""people"" + 0.011*""flu"" + 0.010*""vaccinated"" + 0.008*""shot"" + 0.008*""datum"" + 0.007*""work"" + 0.007*""year"" + 0.006*""day"""
6,6,"0.101*""vaccine"" + 0.079*""covid"" + 0.016*""people"" + 0.011*""death"" + 0.008*""vaccinated"" + 0.008*""anti"" + 0.007*""child"" + 0.006*""amp"" + 0.005*""rate"" + 0.005*""mandate"""
7,7,"0.094*""vaccine"" + 0.068*""covid"" + 0.012*""people"" + 0.011*""booster"" + 0.007*""death"" + 0.006*""covidvaccine"" + 0.006*""pfizer"" + 0.005*""shot"" + 0.005*""vaccination"" + 0.005*""vaccinated"""
