,Topic,Words and probability
0,0,"0.107*""vaccine"" + 0.064*""covid"" + 0.013*""amp"" + 0.009*""people"" + 0.008*""shot"" + 0.008*""time"" + 0.007*""child"" + 0.006*""year"" + 0.006*""mandate"" + 0.006*""work"""
1,1,"0.102*""vaccine"" + 0.062*""covid"" + 0.016*""kid"" + 0.011*""child"" + 0.010*""vaccinated"" + 0.010*""year"" + 0.009*""amp"" + 0.008*""virus"" + 0.008*""people"" + 0.008*""pfizer"""
2,2,"0.090*""vaccine"" + 0.071*""covid"" + 0.011*""mandate"" + 0.009*""people"" + 0.008*""virus"" + 0.007*""spread"" + 0.007*""kid"" + 0.005*""work"" + 0.005*""school"" + 0.005*""anti"""
3,3,"0.097*""vaccine"" + 0.071*""covid"" + 0.015*""amp"" + 0.013*""kid"" + 0.012*""people"" + 0.010*""vaccinated"" + 0.008*""child"" + 0.008*""pfizer"" + 0.007*""risk"" + 0.006*""flu"""
4,4,"0.101*""vaccine"" + 0.077*""covid"" + 0.030*""people"" + 0.016*""child"" + 0.014*""booster"" + 0.011*""death"" + 0.009*""shot"" + 0.008*""immunity"" + 0.008*""vaccinated"" + 0.008*""year"""
5,5,"0.098*""vaccine"" + 0.090*""covid"" + 0.014*""people"" + 0.008*""vaccinated"" + 0.007*""risk"" + 0.006*""need"" + 0.006*""vaccination"" + 0.005*""pfizer"" + 0.005*""long"" + 0.005*""mandate"""
6,6,"0.099*""vaccine"" + 0.062*""covid"" + 0.016*""vaccinated"" + 0.014*""people"" + 0.013*""mandate"" + 0.008*""year"" + 0.007*""new"" + 0.007*""week"" + 0.006*""rate"" + 0.006*""biden"""
7,7,"0.096*""vaccine"" + 0.066*""covid"" + 0.012*""death"" + 0.009*""long"" + 0.009*""vaccinated"" + 0.008*""kid"" + 0.008*""term"" + 0.007*""people"" + 0.007*""risk"" + 0.007*""pfizer"""
