,Topic,Words and probability
0,0,"0.105*""vaccine"" + 0.054*""covid"" + 0.019*""people"" + 0.016*""amp"" + 0.010*""johnson"" + 0.009*""shot"" + 0.007*""dose"" + 0.006*""vaccination"" + 0.005*""new"" + 0.005*""effect"""
1,1,"0.102*""vaccine"" + 0.082*""covid"" + 0.008*""today"" + 0.008*""day"" + 0.008*""year"" + 0.006*""virus"" + 0.006*""trump"" + 0.006*""amp"" + 0.006*""mask"" + 0.005*""need"""
2,2,"0.074*""vaccine"" + 0.047*""covid"" + 0.027*""covidvaccine"" + 0.010*""today"" + 0.007*""new"" + 0.007*""amp"" + 0.007*""appointment"" + 0.006*""vaccinated"" + 0.005*""time"" + 0.005*""texas"""
3,3,"0.093*""vaccine"" + 0.058*""covid"" + 0.015*""people"" + 0.011*""need"" + 0.010*""year"" + 0.008*""good"" + 0.008*""today"" + 0.008*""appointment"" + 0.007*""amp"" + 0.007*""vaccination"""
4,4,"0.076*""vaccine"" + 0.032*""covid"" + 0.017*""covidvaccine"" + 0.011*""amp"" + 0.009*""day"" + 0.008*""people"" + 0.007*""variant"" + 0.006*""dose"" + 0.006*""covid19"" + 0.006*""trump"""
5,5,"0.098*""vaccine"" + 0.042*""covid"" + 0.011*""amp"" + 0.009*""appointment"" + 0.008*""eligible"" + 0.008*""johnson"" + 0.007*""worker"" + 0.007*""time"" + 0.007*""india"" + 0.006*""state"""
6,6,"0.125*""vaccine"" + 0.073*""covid"" + 0.009*""people"" + 0.007*""shot"" + 0.006*""death"" + 0.005*""dose"" + 0.005*""vaccination"" + 0.004*""good"" + 0.004*""astrazeneca"" + 0.004*""week"""
7,7,"0.097*""vaccine"" + 0.065*""covid"" + 0.016*""people"" + 0.008*""today"" + 0.008*""amp"" + 0.008*""covidvaccine"" + 0.006*""covid19"" + 0.005*""case"" + 0.005*""state"" + 0.005*""death"""
