,Topic,Words and probability
0,0,"0.114*""vaccine"" + 0.026*""covid"" + 0.009*""amp"" + 0.008*""coronavirus"" + 0.008*""flu"" + 0.007*""people"" + 0.007*""covid19"" + 0.006*""pandemic"" + 0.006*""research"" + 0.006*""virus"""
1,1,"0.084*""vaccine"" + 0.035*""covid"" + 0.012*""world"" + 0.012*""coronavirus"" + 0.011*""people"" + 0.010*""africa"" + 0.008*""tris"" + 0.007*""|"" + 0.007*""time"" + 0.007*""china"""
2,2,"0.086*""vaccine"" + 0.035*""covid"" + 0.013*""virus"" + 0.012*""death"" + 0.011*""need"" + 0.011*""amp"" + 0.010*""flu"" + 0.010*""good"" + 0.009*""scientist"" + 0.008*""coronavirus"""
3,3,"0.114*""vaccine"" + 0.056*""covid"" + 0.013*""people"" + 0.007*""testing"" + 0.006*""year"" + 0.006*""need"" + 0.006*""coronavirus"" + 0.006*""immunity"" + 0.006*""covid19"" + 0.005*""new"""
4,4,"0.110*""vaccine"" + 0.031*""covid"" + 0.014*""virus"" + 0.011*""flu"" + 0.011*""treatment"" + 0.010*""world"" + 0.009*""time"" + 0.008*""people"" + 0.007*""good"" + 0.006*""coronavirus"""
5,5,"0.097*""vaccine"" + 0.025*""covid"" + 0.021*""flu"" + 0.016*""coronavirus"" + 0.012*""year"" + 0.009*""people"" + 0.009*""virus"" + 0.008*""amp"" + 0.007*""death"" + 0.007*""covid19"""
6,6,"0.087*""vaccine"" + 0.041*""covid"" + 0.013*""people"" + 0.012*""amp"" + 0.011*""virus"" + 0.009*""need"" + 0.008*""country"" + 0.008*""gate"" + 0.008*""test"" + 0.007*""research"""
7,7,"0.093*""vaccine"" + 0.036*""covid"" + 0.018*""flu"" + 0.009*""death"" + 0.009*""amp"" + 0.007*""month"" + 0.007*""tri"" + 0.007*""people"" + 0.007*""virus"" + 0.006*""test"""
