,Topic,Words and probability
0,0,"0.023*""vaccine"" + 0.023*""|"" + 0.023*""immunology"" + 0.023*""rome"" + 0.023*""ity"" + 0.023*""immunotherapy"" + 0.023*""immunity"" + 0.023*""immunochemistry"" + 0.023*""immunesystem"" + 0.023*""date"""
1,1,"0.206*""|"" + 0.066*""presentation"" + 0.062*""poster"" + 0.041*""exhibition"" + 0.040*""l"" + 0.040*""ity"" + 0.039*""rome"" + 0.038*""immunologyconference"" + 0.038*""opportunity"" + 0.038*""video"""
2,2,"0.023*""vaccine"" + 0.023*""|"" + 0.023*""immunology"" + 0.023*""rome"" + 0.023*""ity"" + 0.023*""immunotherapy"" + 0.023*""immunity"" + 0.023*""immunochemistry"" + 0.023*""poster"" + 0.023*""immunochemistryconferences.comdiabe"""
3,3,"0.023*""vaccine"" + 0.023*""|"" + 0.023*""immunology"" + 0.023*""rome"" + 0.023*""immunotherapy"" + 0.023*""ity"" + 0.023*""immunity"" + 0.023*""immunochemistry"" + 0.023*""expert"" + 0.023*""immunesystem"""
4,4,"0.023*""vaccine"" + 0.023*""|"" + 0.023*""immunology"" + 0.023*""ity"" + 0.023*""rome"" + 0.023*""immunochemistry"" + 0.023*""immunotherapy"" + 0.023*""immunity"" + 0.023*""poster"" + 0.023*""expert"""
5,5,"0.174*""|"" + 0.076*""poster"" + 0.072*""presentation"" + 0.040*""research"" + 0.040*""present"" + 0.040*""inflammation"" + 0.039*""e"" + 0.038*""vaccine"" + 0.038*""video"" + 0.038*""opportunity"""
6,6,"0.110*""vaccine"" + 0.058*""foodscience"" + 0.058*""amp"" + 0.058*""immunology"" + 0.058*""ity"" + 0.058*""upcoming"" + 0.058*""speaker"" + 0.058*""rome"" + 0.058*""pathology"" + 0.058*""immunochemistry"""
7,7,"0.094*""immunology"" + 0.064*""vaccine"" + 0.064*""immunotherapy"" + 0.034*""ity"" + 0.034*""rome"" + 0.034*""immunity"" + 0.034*""doctor"" + 0.034*""immunochemistry"" + 0.034*""scientificresearcher"" + 0.034*""immunoindustry"""
