,Topic,Words and probability
0,0,"0.091*""vaccine"" + 0.028*""covid"" + 0.022*""covidvaccine"" + 0.011*""covid19"" + 0.008*""new"" + 0.007*""people"" + 0.006*""vaccination"" + 0.006*""uk"" + 0.006*""state"" + 0.004*""amp"""
1,1,"0.088*""vaccine"" + 0.039*""covid"" + 0.009*""people"" + 0.009*""new"" + 0.008*""good"" + 0.007*""day"" + 0.007*""year"" + 0.007*""today"" + 0.007*""distribution"" + 0.006*""pfizer"""
2,2,"0.102*""vaccine"" + 0.073*""covid"" + 0.020*""people"" + 0.008*""death"" + 0.007*""covidvaccine"" + 0.007*""need"" + 0.006*""day"" + 0.006*""amp"" + 0.005*""time"" + 0.005*""good"""
3,3,"0.064*""vaccine"" + 0.040*""covid"" + 0.021*""covidvaccine"" + 0.019*""new"" + 0.011*""people"" + 0.007*""covid19"" + 0.006*""today"" + 0.006*""rollout"" + 0.005*""state"" + 0.005*""coronavirus"""
4,4,"0.104*""vaccine"" + 0.053*""covid"" + 0.017*""amp"" + 0.011*""dose"" + 0.008*""vaccination"" + 0.007*""week"" + 0.006*""people"" + 0.006*""state"" + 0.006*""country"" + 0.005*""johnson"""
5,5,"0.117*""vaccine"" + 0.072*""covid"" + 0.011*""people"" + 0.008*""need"" + 0.006*""today"" + 0.006*""amp"" + 0.006*""year"" + 0.005*""virus"" + 0.005*""help"" + 0.005*""time"""
6,6,"0.085*""vaccine"" + 0.062*""covid"" + 0.012*""covidvaccine"" + 0.011*""news"" + 0.007*""amp"" + 0.006*""work"" + 0.006*""good"" + 0.006*""people"" + 0.005*""teacher"" + 0.005*""|"""
7,7,"0.086*""vaccine"" + 0.031*""covid"" + 0.011*""people"" + 0.010*""shot"" + 0.009*""amp"" + 0.008*""worker"" + 0.007*""appointment"" + 0.007*""covidvaccine"" + 0.007*""today"" + 0.006*""care"""
