,Topic,Words and probability
0,0,"0.119*""vaccine"" + 0.075*""covid"" + 0.016*""people"" + 0.009*""amp"" + 0.009*""death"" + 0.008*""vaccinated"" + 0.006*""risk"" + 0.006*""dose"" + 0.006*""year"" + 0.006*""mask"""
1,1,"0.089*""vaccine"" + 0.061*""covid"" + 0.017*""vaccinated"" + 0.013*""people"" + 0.011*""case"" + 0.011*""death"" + 0.010*""risk"" + 0.009*""covidvaccine"" + 0.008*""amp"" + 0.008*""vaccination"""
2,2,"0.098*""vaccine"" + 0.066*""covid"" + 0.029*""people"" + 0.007*""anti"" + 0.006*""death"" + 0.006*""effect"" + 0.006*""variant"" + 0.005*""vaccinated"" + 0.005*""amp"" + 0.005*""long"""
3,3,"0.101*""vaccine"" + 0.077*""covid"" + 0.010*""need"" + 0.010*""child"" + 0.007*""shot"" + 0.007*""variant"" + 0.006*""today"" + 0.006*""mask"" + 0.005*""week"" + 0.005*""life"""
4,4,"0.095*""vaccine"" + 0.064*""covid"" + 0.017*""amp"" + 0.014*""people"" + 0.012*""year"" + 0.008*""long"" + 0.008*""need"" + 0.007*""case"" + 0.006*""vaccinated"" + 0.006*""time"""
5,5,"0.067*""vaccine"" + 0.046*""covid"" + 0.015*""vaccinated"" + 0.012*""new"" + 0.011*""people"" + 0.010*""covidvaccine"" + 0.009*""effective"" + 0.009*""flu"" + 0.008*""immunity"" + 0.008*""variant"""
6,6,"0.087*""vaccine"" + 0.063*""covid"" + 0.016*""people"" + 0.009*""bad"" + 0.009*""effect"" + 0.008*""vaccinated"" + 0.007*""variant"" + 0.007*""work"" + 0.007*""virus"" + 0.006*""country"""
7,7,"0.088*""vaccine"" + 0.079*""covid"" + 0.026*""people"" + 0.015*""vaccinated"" + 0.011*""death"" + 0.008*""long"" + 0.007*""variant"" + 0.006*""amp"" + 0.006*""good"" + 0.006*""shot"""
