,Topic,Words and probability
0,0,"0.095*""vaccine"" + 0.085*""covid"" + 0.011*""people"" + 0.010*""booster"" + 0.008*""shot"" + 0.007*""time"" + 0.007*""mask"" + 0.007*""need"" + 0.007*""amp"" + 0.007*""kid"""
1,1,"0.090*""vaccine"" + 0.053*""covid"" + 0.020*""people"" + 0.014*""amp"" + 0.010*""booster"" + 0.010*""year"" + 0.007*""long"" + 0.006*""shot"" + 0.006*""dose"" + 0.006*""immunity"""
2,2,"0.087*""vaccine"" + 0.065*""covid"" + 0.017*""people"" + 0.017*""work"" + 0.007*""effective"" + 0.007*""year"" + 0.007*""booster"" + 0.007*""life"" + 0.006*""medic"" + 0.006*""hospit"""
3,3,"0.072*""vaccine"" + 0.048*""covid"" + 0.022*""people"" + 0.014*""year"" + 0.013*""vaccination"" + 0.011*""covidvaccine"" + 0.011*""vaccinated"" + 0.007*""mandate"" + 0.006*""medic"" + 0.006*""biden"""
4,4,"0.080*""vaccine"" + 0.057*""covid"" + 0.011*""people"" + 0.011*""death"" + 0.010*""mask"" + 0.009*""amp"" + 0.008*""virus"" + 0.007*""mandate"" + 0.006*""world"" + 0.006*""need"""
5,5,"0.108*""vaccine"" + 0.097*""covid"" + 0.017*""people"" + 0.013*""vaccinated"" + 0.007*""amp"" + 0.007*""death"" + 0.007*""mandate"" + 0.007*""risk"" + 0.007*""year"" + 0.005*""mask"""
6,6,"0.096*""vaccine"" + 0.059*""covid"" + 0.017*""people"" + 0.011*""death"" + 0.010*""vaccinated"" + 0.010*""flu"" + 0.010*""virus"" + 0.009*""amp"" + 0.008*""work"" + 0.008*""year"""
7,7,"0.080*""vaccine"" + 0.074*""covid"" + 0.016*""people"" + 0.013*""death"" + 0.010*""booster"" + 0.010*""vaccinated"" + 0.009*""work"" + 0.009*""new"" + 0.008*""omicron"" + 0.007*""unvaccinated"""
