,Topic,Words and probability
0,0,"0.078*""vaccine"" + 0.033*""covidvaccine"" + 0.024*""covid"" + 0.018*""covid19"" + 0.011*""india"" + 0.009*""vaccination"" + 0.007*""use"" + 0.007*""year"" + 0.007*""emergency"" + 0.007*""coronavirus"""
1,1,"0.110*""vaccine"" + 0.065*""covid"" + 0.012*""people"" + 0.010*""amp"" + 0.008*""covidvaccine"" + 0.007*""virus"" + 0.006*""flu"" + 0.006*""new"" + 0.005*""today"" + 0.005*""shot"""
2,2,"0.099*""vaccine"" + 0.061*""covid"" + 0.016*""people"" + 0.011*""new"" + 0.009*""death"" + 0.008*""year"" + 0.008*""world"" + 0.007*""work"" + 0.006*""day"" + 0.005*""flu"""
3,3,"0.093*""vaccine"" + 0.033*""covid"" + 0.016*""covidvaccine"" + 0.013*""today"" + 0.009*""pfizer"" + 0.009*""dose"" + 0.009*""shot"" + 0.009*""worker"" + 0.007*""day"" + 0.006*""county"""
4,4,"0.094*""vaccine"" + 0.041*""covid"" + 0.017*""people"" + 0.010*""new"" + 0.010*""covidvaccine"" + 0.008*""year"" + 0.007*""amp"" + 0.007*""covid19"" + 0.006*""state"" + 0.006*""dose"""
5,5,"0.098*""vaccine"" + 0.066*""covid"" + 0.016*""amp"" + 0.013*""people"" + 0.010*""time"" + 0.008*""need"" + 0.007*""week"" + 0.007*""dose"" + 0.006*""work"" + 0.006*""covidvaccine"""
6,6,"0.113*""vaccine"" + 0.093*""covid"" + 0.008*""people"" + 0.007*""country"" + 0.007*""government"" + 0.005*""day"" + 0.005*""state"" + 0.005*""vaccination"" + 0.005*""covidvaccine"" + 0.005*""number"""
7,7,"0.099*""vaccine"" + 0.056*""covid"" + 0.010*""india"" + 0.010*""people"" + 0.009*""vaccination"" + 0.009*""good"" + 0.009*""covidvaccine"" + 0.006*""rollout"" + 0.006*""need"" + 0.005*""shot"""
