,Topic,Words and probability
0,0,"0.070*""vaccine"" + 0.027*""covid"" + 0.025*""covidvaccine"" + 0.014*""people"" + 0.012*""today"" + 0.011*""vaccination"" + 0.011*""vaccinated"" + 0.010*""amp"" + 0.008*""india"" + 0.008*""covid19"""
1,1,"0.099*""vaccine"" + 0.074*""covid"" + 0.015*""vaccinated"" + 0.014*""amp"" + 0.010*""people"" + 0.007*""mask"" + 0.007*""long"" + 0.006*""effect"" + 0.006*""right"" + 0.005*""year"""
2,2,"0.081*""vaccine"" + 0.055*""covid"" + 0.013*""amp"" + 0.012*""dose"" + 0.010*""people"" + 0.008*""death"" + 0.007*""long"" + 0.007*""india"" + 0.007*""vaccination"" + 0.006*""need"""
3,3,"0.090*""vaccine"" + 0.046*""covid"" + 0.010*""covidvaccine"" + 0.008*""pfizer"" + 0.008*""moderna"" + 0.007*""need"" + 0.006*""vaccination"" + 0.006*""covid19"" + 0.005*""vaccinated"" + 0.005*""new"""
4,4,"0.091*""vaccine"" + 0.043*""covid"" + 0.015*""people"" + 0.014*""vaccination"" + 0.009*""|"" + 0.008*""year"" + 0.008*""time"" + 0.007*""covid19"" + 0.007*""work"" + 0.007*""covidvaccine"""
5,5,"0.115*""vaccine"" + 0.086*""covid"" + 0.020*""people"" + 0.010*""death"" + 0.007*""risk"" + 0.005*""time"" + 0.005*""need"" + 0.005*""amp"" + 0.005*""virus"" + 0.005*""country"""
6,6,"0.095*""vaccine"" + 0.057*""covid"" + 0.010*""people"" + 0.009*""risk"" + 0.008*""day"" + 0.008*""amp"" + 0.006*""good"" + 0.006*""government"" + 0.005*""world"" + 0.005*""bad"""
7,7,"0.096*""vaccine"" + 0.059*""covid"" + 0.013*""people"" + 0.011*""covidvaccine"" + 0.007*""dose"" + 0.006*""vaccinated"" + 0.006*""amp"" + 0.006*""shot"" + 0.006*""year"" + 0.005*""vaccination"""
