,Topic,Words and probability
0,0,"0.101*""vaccine"" + 0.054*""covid"" + 0.010*""vaccination"" + 0.008*""india"" + 0.008*""year"" + 0.007*""dose"" + 0.007*""new"" + 0.006*""day"" + 0.006*""people"" + 0.006*""amp"""
1,1,"0.091*""vaccine"" + 0.062*""covid"" + 0.017*""people"" + 0.014*""vaccinated"" + 0.014*""amp"" + 0.013*""risk"" + 0.009*""shot"" + 0.007*""life"" + 0.007*""clot"" + 0.006*""blood"""
2,2,"0.105*""vaccine"" + 0.064*""covid"" + 0.012*""appointment"" + 0.010*""people"" + 0.009*""amp"" + 0.007*""country"" + 0.007*""covidvaccine"" + 0.006*""covid19"" + 0.005*""vaccinated"" + 0.005*""day"""
3,3,"0.097*""vaccine"" + 0.069*""covid"" + 0.015*""people"" + 0.009*""amp"" + 0.008*""new"" + 0.007*""covid19"" + 0.006*""covidvaccine"" + 0.006*""year"" + 0.006*""today"" + 0.006*""number"""
4,4,"0.076*""vaccine"" + 0.046*""covid"" + 0.017*""covidvaccine"" + 0.013*""people"" + 0.011*""amp"" + 0.009*""week"" + 0.009*""pfizer"" + 0.008*""clinic"" + 0.007*""today"" + 0.007*""2nd"""
5,5,"0.099*""vaccine"" + 0.090*""covid"" + 0.022*""shot"" + 0.013*""people"" + 0.012*""need"" + 0.011*""death"" + 0.010*""day"" + 0.009*""year"" + 0.008*""flu"" + 0.008*""bad"""
6,6,"0.107*""vaccine"" + 0.066*""covid"" + 0.014*""amp"" + 0.011*""covidvaccine"" + 0.010*""today"" + 0.009*""johnson"" + 0.008*""vaccination"" + 0.007*""effect"" + 0.006*""long"" + 0.006*""passport"""
7,7,"0.120*""vaccine"" + 0.071*""covid"" + 0.023*""people"" + 0.007*""passport"" + 0.006*""time"" + 0.005*""news"" + 0.005*""need"" + 0.005*""vaccinated"" + 0.005*""variant"" + 0.004*""mask"""
