,Topic,Words and probability
0,0,"0.104*""vaccine"" + 0.066*""covid"" + 0.016*""people"" + 0.015*""amp"" + 0.011*""vaccinated"" + 0.007*""work"" + 0.006*""virus"" + 0.006*""child"" + 0.006*""mask"" + 0.005*""booster"""
1,1,"0.086*""vaccine"" + 0.068*""covid"" + 0.009*""people"" + 0.008*""immunity"" + 0.008*""amp"" + 0.007*""time"" + 0.006*""vaccination"" + 0.006*""infection"" + 0.006*""work"" + 0.006*""pfizer"""
2,2,"0.106*""vaccine"" + 0.082*""covid"" + 0.020*""people"" + 0.011*""death"" + 0.011*""year"" + 0.008*""need"" + 0.008*""vaccinated"" + 0.007*""mask"" + 0.007*""mandate"" + 0.006*""risk"""
3,3,"0.089*""vaccine"" + 0.059*""covid"" + 0.023*""mandate"" + 0.008*""death"" + 0.007*""long"" + 0.007*""people"" + 0.007*""mrna"" + 0.006*""case"" + 0.006*""effective"" + 0.006*""amp"""
4,4,"0.098*""vaccine"" + 0.068*""covid"" + 0.008*""child"" + 0.007*""work"" + 0.006*""bad"" + 0.006*""pfizer"" + 0.006*""people"" + 0.005*""polio"" + 0.005*""new"" + 0.005*""year"""
5,5,"0.070*""vaccine"" + 0.047*""covid"" + 0.015*""people"" + 0.015*""year"" + 0.013*""shot"" + 0.011*""amp"" + 0.007*""booster"" + 0.007*""study"" + 0.007*""time"" + 0.006*""life"""
6,6,"0.081*""vaccine"" + 0.064*""covid"" + 0.014*""mask"" + 0.013*""risk"" + 0.010*""omicron"" + 0.009*""people"" + 0.008*""effective"" + 0.007*""amp"" + 0.007*""child"" + 0.006*""variant"""
7,7,"0.102*""covid"" + 0.087*""vaccine"" + 0.022*""people"" + 0.009*""death"" + 0.009*""shot"" + 0.007*""booster"" + 0.007*""long"" + 0.006*""vaccinated"" + 0.006*""time"" + 0.006*""kid"""
