,Topic,Words and probability
0,0,"0.094*""vaccine"" + 0.040*""pfizer"" + 0.035*""covid"" + 0.018*""effective"" + 0.013*""biontech"" + 0.012*""news"" + 0.010*""early"" + 0.009*""trump"" + 0.007*""good"" + 0.007*""datum"""
1,1,"0.107*""vaccine"" + 0.036*""covid"" + 0.012*""pfizer"" + 0.009*""new"" + 0.008*""year"" + 0.008*""news"" + 0.008*""|"" + 0.007*""effective"" + 0.007*""result"" + 0.007*""people"""
2,2,"0.106*""vaccine"" + 0.057*""covid"" + 0.013*""people"" + 0.010*""pfizer"" + 0.010*""amp"" + 0.009*""year"" + 0.009*""news"" + 0.008*""covidvaccine"" + 0.007*""trump"" + 0.006*""effective"""
3,3,"0.107*""vaccine"" + 0.058*""covid"" + 0.020*""flu"" + 0.016*""pfizer"" + 0.015*""effective"" + 0.011*""covid19"" + 0.008*""news"" + 0.008*""covidvaccine"" + 0.007*""people"" + 0.006*""time"""
4,4,"0.098*""vaccine"" + 0.053*""covid"" + 0.030*""trump"" + 0.025*""pfizer"" + 0.015*""news"" + 0.013*""effective"" + 0.007*""covidvaccine"" + 0.007*""day"" + 0.006*""election"" + 0.006*""people"""
5,5,"0.081*""vaccine"" + 0.066*""covid"" + 0.012*""amp"" + 0.010*""pfizer"" + 0.008*""covidvaccine"" + 0.008*""time"" + 0.008*""people"" + 0.008*""need"" + 0.007*""new"" + 0.007*""year"""
6,6,"0.105*""vaccine"" + 0.071*""covid"" + 0.020*""people"" + 0.012*""pfizer"" + 0.012*""trump"" + 0.011*""biden"" + 0.009*""need"" + 0.008*""amp"" + 0.006*""news"" + 0.005*""election"""
7,7,"0.110*""vaccine"" + 0.068*""covid"" + 0.015*""pfizer"" + 0.012*""effective"" + 0.010*""news"" + 0.009*""new"" + 0.007*""year"" + 0.006*""month"" + 0.006*""case"" + 0.006*""good"""
