Topic,Words and probability
,20-Jan
0,"vaccine,  t,  people,  flu,  effect,  risk,  drug,  year,  symptom,  don"
1,"vaccine,  people,  t,  study,  vaccinated,  year,  doctor,  thing,  good,  need"
2,"people,  system,  immune,  virus,  vaccine,  wuhan,  time,  good,  anxiy,  hethy"
3,"vaccine,  people,  thing,  t,  year,  problem,  need,  day,  study,  vaccinated"
4,"people,  vaccine,  t,  virus,  good,  time,  flu,  shot,  disease,  need"
5,"people,  lot,  year,  sick,  virus,  doctor,  flu,  system,  t,  disease"
6,"people,  anti,  hospit,  coronavirus,  wuhan,  system,  good,  t,  drug,  china"
7,"doctor,  vaccine,  year,  anti,  vaccination,  effect,  t,  thing,  child,  unvaccinated"
,20-Feb
0,"people,  case,  vaccine,  time,  china,  patient,  country,  sar,  immune,  virus"
1,"people,  vaccine,  flu,  time,  t,  virus,  year,  day,  thing,  need"
2,"virus,  vaccine,  people,  good,  hospit,  work,  mer,  time,  cell,  life"
3,"people,  immune,  vaccine,  t,  system,  work,  year,  flu,  don,  virus"
4,"case,  people,  t,  day,  virus,  time,  death,  system,  shot,  flu"
5,"people,  virus,  vaccine,  year,  time,  flu,  case,  symptom,  good,  pain"
6,"virus,  vaccine,  case,  flu,  day,  people,  thing,  infection,  season,  time"
7,"vaccine,  flu,  virus,  good,  day,  bill,  people,  vitamin,  person,  t"
,20-Mar
0,"people,  virus,  vaccine,  case,  time,  patient,  mask,  thing,  day,  system"
1,"people,  day,  mask,  virus,  time,  case,  week,  work,  immunity,  good"
2,"vaccine,  test,  study,  people,  patient,  case,  t,  day,  virus,  soci"
3,"people,  vaccine,  virus,  need,  immune,  t,  system,  good,  time,  thing"
4,"people,  flu,  vaccine,  day,  good,  virus,  case,  time,  t,  symptom"
5,"people,  t,  test,  vaccine,  time,  immune,  number,  day,  cough,  coronavirus"
6,"t,  people,  day,  time,  immune,  sick,  virus,  home,  system,  thing"
7,"risk,  day,  work,  people,  immune,  t,  week,  virus,  year,  flu"
,20-Apr
0,"people,  test,  x,  need,  t,  vaccine,  good,  week,  antibody,  thing"
1,"people,  vaccine,  virus,  t,  test,  need,  day,  thing,  good,  case"
2,"people,  t,  x,  need,  time,  day,  test,  state,  case,  testing"
3,"people,  t,  need,  testing,  x,  new,  virus,  test,  state,  death"
4,"vaccine,  people,  t,  antibody,  test,  testing,  case,  time,  x,  need"
5,"people,  day,  virus,  x,  test,  need,  time,  case,  state,  thing"
6,"vaccine,  people,  virus,  testing,  week,  case,  immunity,  day,  test,  work"
7,"people,  virus,  t,  work,  home,  death,  x,  new,  time,  test"
,20-May
0,"test,  people,  antibody,  t,  case,  time,  positive,  day,  testing,  week"
1,"people,  t,  time,  good,  testing,  vaccine,  thing,  need,  x,  day"
2,"people,  vaccine,  t,  virus,  work,  time,  day,  x,  week,  case"
3,"people,  t,  vaccine,  need,  immunity,  day,  work,  case,  x,  virus"
4,"test,  day,  people,  x,  testing,  time,  vaccine,  state,  work,  need"
5,"t,  people,  time,  vaccine,  mask,  day,  x,  lot,  low,  right"
6,"people,  t,  test,  antibody,  testing,  virus,  day,  time,  x,  vaccine"
7,"vaccine,  people,  t,  need,  case,  week,  virus,  day,  work,  x"
,20-Jun
0,"case,  vaccine,  feme,  county,  death,  t,  people,  x,  good,  day"
1,"county,  feme,  vaccine,  death,  case,  t,  virus,  people,  x,  "
2,"virus,  mask,  case,  week,  vaccine,  test,  antibody,  x,  patient,  people"
3,"people,  vaccine,  day,  test,  mask,  time,  virus,  t,  antibody,  work"
4,"people,  vaccine,  t,  thing,  good,  need,  state,  time,  test,  x"
5,"t,  case,  people,  x,  antibody,  test,  cell,  patient,  long,  number"
6,"case,  t,  people,  day,  covid,  symptom,  week,  virus,  time,  test"
7,"people,  vaccine,  t,  good,  time,  x,  mask,  virus,  covid,  effect"
,20-Jul
0,"people,  vaccine,  t,  mask,  case,  thing,  time,  virus,  day,  covid"
1,"vaccine,  day,  people,  virus,  mask,  immune,  time,  case,  t,  infection"
2,"people,  day,  case,  immune,  test,  virus,  t,  positive,  time,  vaccine"
3,"mask,  t,  people,  case,  vaccine,  x,  thing,  virus,  new,  time"
4,"case,  people,  t,  test,  death,  day,  county,  week,  mask,  immunity"
5,"people,  t,  vaccine,  don,  school,  time,  year,  kid,  day,  virus"
6,"people,  case,  infection,  t,  day,  time,  immunity,  virus,  low,  patient"
7,"people,  mask,  day,  vaccine,  virus,  t,  immune,  case,  covid,  test"
,20-Aug
0,"test,  vaccine,  case,  day,  people,  immune,  system,  mask,  child,  covid"
1,"t,  good,  time,  people,  day,  virus,  week,  immune,  thing,  vaccine"
2,"vaccine,  day,  test,  thing,  time,  people,  good,  virus,  t,  life"
3,"people,  t,  vaccine,  virus,  test,  antibody,  case,  immune,  time,  testing"
4,"case,  county,  people,  mask,  feme,  new,  t,  death,  day,  good"
5,"day,  virus,  thing,  x,  test,  vaccine,  t,  people,  case,  week"
6,"vaccine,  t,  case,  people,  sar,  new,  cell,  x,  covid,  antibody"
7,"people,  vaccine,  t,  mask,  time,  case,  thing,  year,  virus,  month"
,20-Sep
0,"t,  vaccine,  people,  day,  symptom,  covid,  month,  risk,  vitamin,  immune"
1,"|,  vaccine,  people,  virus,  test,  time,  day,  week,  case,  immune"
2,"|,  vaccine,  people,  t,  week,  test,  covid,  time,  vitamin,  case"
3,"vaccine,  t,  good,  doctor,  mask,  year,  people,  covid,  disease,  vitamin"
4,"people,  county,  case,  antibody,  mask,  test,  immunity,  patient,  day,  feme"
5,"vaccine,  people,  t,  day,  case,  thing,  long,  covid,  time,  new"
6,"vaccine,  people,  virus,  day,  case,  risk,  vitamin,  |,  good,  patient"
7,"covid,  t,  day,  time,  people,  vaccine,  mask,  thing,  flu,  shot"
,20-Oct
0,"vaccine,  people,  mask,  covid,  t,  thing,  virus,  year,  flu,  time"
1,"vaccine,  t,  people,  year,  patient,  flu,  time,  need,  immune,  bad"
2,"vaccine,  t,  people,  immune,  time,  virus,  day,  case,  mask,  infection"
3,"vaccine,  people,  year,  good,  t,  way,  time,  effect,  shot,  thing"
4,"vaccine,  test,  case,  time,  antibody,  thing,  day,  virus,  people,  datum"
5,"shot,  vaccine,  day,  immune,  school,  t,  arm,  virus,  people,  flu"
6,"vaccine,  people,  time,  t,  year,  covid,  immune,  virus,  good,  system"
7,"vaccine,  t,  people,  time,  day,  month,  week,  thing,  year,  case"
,20-Nov
0,"vaccine,  people,  t,  case,  covid,  day,  virus,  efficacy,  time,  good"
1,"vaccine,  people,  virus,  day,  time,  covid,  case,  need,  test,  week"
2,"vaccine,  case,  people,  long,  covid,  virus,  good,  time,  help,  need"
3,"vaccine,  t,  covid,  pfizer,  people,  year,  new,  moderna,  effect,  long"
4,"vaccine,  people,  good,  year,  news,  pfizer,  need,  t,  effective,  day"
5,"vaccine,  people,  covid,  long,  time,  year,  case,  virus,  mask,  way"
6,"vaccine,  case,  people,  t,  covid,  day,  virus,  test,  time,  year"
7,"vaccine,  people,  t,  day,  covid,  work,  time,  week,  virus,  immune"
,20-Dec
0,"vaccine,  people,  t,  covid,  safe,  year,  week,  pfizer,  thing,  vaccination"
1,"vaccine,  people,  t,  covid,  day,  time,  long,  need,  year,  don"
2,"vaccine,  people,  covid,  t,  time,  week,  day,  case,  work,  long"
3,"vaccine,  week,  people,  t,  shot,  month,  time,  work,  day,  case"
4,"vaccine,  people,  day,  thing,  year,  new,  time,  good,  need,  care"
5,"vaccine,  people,  covid,  long,  t,  day,  good,  virus,  hospit,  care"
6,"vaccine,  people,  time,  day,  week,  covid,  hospit,  test,  pfizer,  month"
7,"vaccine,  covid,  day,  people,  case,  t,  today,  pfizer,  effect,  time"
,21-Jan
0,"vaccine,  people,  day,  county,  covid,  effect,  feme,  case,  arm,  bad"
1,"vaccine,  people,  day,  dose,  county,  shot,  covid,  t,  state,  vaccination"
2,"vaccine,  day,  people,  t,  shot,  time,  arm,  covid,  week,  good"
3,"vaccine,  t,  people,  day,  week,  new,  good,  dose,  time,  work"
4,"vaccine,  day,  vaccination,  week,  dose,  people,  moderna,  thing,  time,  work"
5,"vaccine,  |,  day,  shot,  week,  covid,  county,  thing,  people,  t"
6,"day,  vaccine,  week,  dose,  symptom,  people,  time,  covid,  effect,  arm"
7,"day,  vaccine,  covid,  shot,  time,  people,  t,  work,  symptom,  year"
,21-Feb
0,"vaccine,  day,  shot,  t,  arm,  dose,  week,  work,  pain,  post"
1,"day,  dose,  vaccine,  people,  past,  covid,  tot,  population,  vaccinated,  t"
2,"vaccine,  shot,  week,  day,  t,  dose,  arm,  people,  case,  year"
3,"shot,  vaccine,  county,  vaccination,  people,  case,  covid,  day,  t,  arm"
4,"vaccine,  day,  |,  week,  people,  time,  t,  good,  covid,  county"
5,"vaccine,  people,  t,  week,  shot,  time,  covid,  effect,  good,  new"
6,"vaccine,  people,  covid,  t,  shot,  time,  dose,  day,  vaccination,  hour"
7,"vaccine,  shot,  day,  county,  covid,  people,  effect,  time,  symptom,  moderna"
,21-Mar
0,"vaccine,  t,  people,  day,  time,  covid,  thing,  effect,  good,  shot"
1,"vaccine,  people,  day,  covid,  time,  t,  vaccinated,  appointment,  shot,  week"
2,"day,  shot,  dose,  week,  vaccine,  pfizer,  effect,  time,  people,  moderna"
3,"shot,  vaccine,  day,  people,  vaccinated,  dose,  year,  past,  old,  t"
4,"vaccine,  shot,  people,  arm,  day,  t,  effect,  covid,  hour,  good"
5,"vaccine,  day,  people,  week,  shot,  t,  time,  bad,  vaccinated,  year"
6,"vaccine,  day,  shot,  covid,  week,  t,  pfizer,  bad,  moderna,  people"
7,"shot,  vaccine,  day,  people,  t,  post,  vaccination,  today,  effect,  arm"
,21-Apr
0,"shot,  vaccine,  t,  effect,  day,  pain,  time,  covid,  people,  week"
1,"vaccine,  symptom,  t,  covid,  shot,  day,  case,  week,  time,  bad"
2,"vaccine,  day,  bad,  t,  covid,  anxiy,  shot,  year,  good,  norm"
3,"shot,  day,  people,  vaccine,  |,  arm,  week,  t,  bad,  covid"
4,"vaccine,  day,  shot,  people,  effect,  vaccinated,  dose,  pfizer,  week,  arm"
5,"vaccine,  week,  day,  shot,  effect,  people,  covid,  t,  today,  pfizer"
6,"vaccine,  shot,  day,  vaccinated,  covid,  people,  t,  time,  moderna,  week"
7,"vaccine,  day,  shot,  people,  good,  arm,  bad,  fever,  hour,  appointment"
,21-May
0,"vaccine,  t,  people,  shot,  covid,  week,  day,  vaccinated,  pfizer,  symptom"
1,"vaccine,  shot,  day,  people,  vaccinated,  dose,  time,  pfizer,  population,  effect"
2,"vaccine,  people,  day,  week,  work,  month,  t,  shot,  good,  pfizer"
3,"vaccine,  shot,  day,  covid,  week,  t,  effect,  time,  vaccinated,  people"
4,"vaccine,  day,  shot,  covid,  vaccinated,  people,  bad,  effect,  week,  good"
5,"|,  shot,  vaccine,  day,  covid,  people,  vaccinated,  t,  lot,  year"
6,"vaccine,  people,  day,  effect,  vaccinated,  covid,  week,  shot,  bad,  period"
7,"vaccine,  shot,  day,  symptom,  t,  people,  bad,  headache,  effect,  week"
,21-Jun
0,"vaccine,  people,  shot,  t,  day,  covid,  time,  vaccinated,  vaccination,  week"
1,"vaccine,  shot,  day,  people,  time,  week,  vaccinated,  covid,  effect,  post"
2,"vaccine,  day,  shot,  vaccinated,  effect,  pfizer,  week,  people,  year,  covid"
3,"vaccine,  day,  pfizer,  week,  heart,  moderna,  shot,  symptom,  doctor,  work"
4,"vaccine,  day,  covid,  shot,  vaccinated,  people,  t,  week,  effect,  arm"
5,"vaccine,  day,  shot,  t,  people,  effect,  week,  pain,  time,  symptom"
6,"day,  people,  vaccinated,  shot,  vaccine,  t,  population,  dose,  year,  covid"
7,"day,  vaccine,  week,  people,  vaccinated,  month,  pfizer,  period,  effect,  shot"
,21-Jul
0,"vaccine,  covid,  day,  shot,  people,  t,  symptom,  good,  time,  bad"
1,"vaccine,  people,  covid,  case,  vaccinated,  day,  delta,  t,  effect,  variant"
2,"vaccine,  people,  covid,  pfizer,  vaccinated,  week,  effect,  symptom,  shot,  day"
3,"vaccine,  day,  vaccinated,  people,  shot,  covid,  symptom,  bad,  pain,  t"
4,"vaccine,  people,  covid,  t,  effect,  vaccinated,  pfizer,  don,  doctor,  day"
5,"day,  week,  vaccine,  people,  shot,  t,  covid,  long,  vaccinated,  effect"
6,"vaccine,  day,  shot,  vaccinated,  people,  mask,  t,  covid,  month,  effect"
7,"vaccine,  day,  vaccinated,  people,  shot,  dose,  pain,  population,  year,  effect"
,21-Aug
0,"vaccine,  shot,  day,  covid,  vaccinated,  week,  t,  year,  pfizer,  people"
1,"vaccine,  shot,  day,  covid,  effect,  t,  people,  vaccinated,  pfizer,  moderna"
2,"vaccine,  people,  t,  covid,  day,  vaccinated,  shot,  bad,  time,  month"
3,"day,  vaccine,  post,  coronavirusca,  r,  rule,  covid,  effect,  vaccinated,  contact"
4,"vaccine,  vaccinated,  people,  covid,  effect,  time,  day,  shot,  case,  week"
5,"vaccine,  vaccinated,  day,  people,  shot,  vaccination,  mask,  virus,  dose,  |"
6,"day,  vaccinated,  vaccine,  covid,  people,  shot,  case,  population,  time,  hospit"
7,"|,  vaccine,  vaccination,  people,  vaccinated,  day,  doctor,  pfizer,  shot,  year"
,21-Sep
0,"shot,  day,  vaccine,  vaccinated,  effect,  t,  people,  covid,  good,  bad"
1,"vaccine,  covid,  shot,  people,  day,  effect,  week,  booster,  time,  t"
2,"vaccine,  people,  covid,  vaccinated,  day,  t,  year,  thing,  symptom,  time"
3,"day,  vaccine,  pfizer,  shot,  vaccinated,  dose,  week,  vaccination,  good,  pain"
4,"t,  vaccine,  people,  covid,  vaccinated,  day,  old,  year,  don,  shot"
5,"vaccine,  shot,  day,  time,  people,  covid,  vaccinated,  year,  booster,  week"
6,"vaccine,  covid,  people,  long,  mask,  shot,  symptom,  t,  vaccinated,  day"
7,"vaccine,  day,  people,  vaccinated,  covid,  dose,  week,  t,  shot,  vaccination"
,21-Oct
0,"vaccinated,  day,  vaccine,  population,  dose,  shot,  year,  old,  utahns,  tot"
1,"vaccine,  people,  t,  covid,  effect,  pfizer,  day,  shot,  booster,  vaccinated"
2,"vaccine,  covid,  shot,  people,  moderna,  booster,  t,  pfizer,  month,  vaccinated"
3,"vaccine,  day,  covid,  shot,  week,  effect,  people,  symptom,  year,  t"
4,"people,  vaccine,  day,  shot,  thing,  vaccination,  covid,  booster,  work,  post"
5,"vaccine,  covid,  t,  booster,  fever,  people,  time,  moderna,  arm,  shot"
6,"day,  shot,  covid,  vaccine,  t,  pain,  heart,  time,  week,  hour"
7,"shot,  day,  booster,  vaccine,  moderna,  people,  vaccinated,  covid,  good,  pfizer"
,21-Nov
0,"shot,  vaccine,  people,  day,  thing,  moderna,  week,  vaccinated,  covid,  booster"
1,"vaccine,  people,  shot,  booster,  covid,  time,  day,  t,  case,  arm"
2,"booster,  shot,  vaccine,  day,  people,  moderna,  t,  case,  time,  effect"
3,"vaccine,  day,  covid,  people,  booster,  vaccinated,  week,  time,  hour,  shot"
4,"vaccine,  people,  booster,  covid,  vaccinated,  shot,  day,  vaccination,  bad,  month"
5,"people,  vaccine,  covid,  day,  pfizer,  booster,  shot,  time,  bad,  vaccinated"
6,"vaccine,  covid,  vaccinated,  t,  booster,  people,  long,  day,  month,  year"
7,"vaccine,  vaccinated,  shot,  t,  covid,  people,  year,  day,  time,  effect"
,21-Dec
0,"|,  datum,  vaccine,  day,  people,  covid,  vaccinated,  shot,  case,  booster"
1,"vaccine,  booster,  case,  day,  covid,  people,  datum,  week,  vaccinated,  test"
2,"vaccine,  covid,  people,  day,  t,  time,  shot,  booster,  symptom,  case"
3,"vaccine,  booster,  t,  people,  covid,  day,  vaccinated,  shot,  month,  time"
4,"vaccine,  covid,  case,  day,  t,  symptom,  booster,  shot,  vaccination,  week"
5,"vaccine,  people,  covid,  shot,  booster,  vaccinated,  omicron,  t,  day,  time"
6,"vaccine,  day,  people,  covid,  month,  pfizer,  year,  t,  bad,  booster"
7,"vaccine,  booster,  covid,  t,  week,  day,  people,  time,  vaccinated,  shot"
,Jan-22
0,"vaccine,  day,  t,  people,  covid,  shot,  time,  vaccinated,  symptom,  week"
1,"vaccine,  covid,  people,  case,  day,  long,  shot,  time,  t,  symptom"
2,"|,  case,  day,  people,  vaccinated,  booster,  covid,  t,  vaccine,  datum"
3,"booster,  vaccine,  day,  covid,  positive,  t,  time,  bad,  symptom,  shot"
4,"day,  vaccine,  test,  symptom,  covid,  positive,  booster,  pain,  case,  week"
5,"vaccine,  people,  day,  covid,  year,  case,  mask,  test,  thing,  datum"
6,"vaccine,  covid,  day,  booster,  symptom,  people,  month,  case,  bad,  t"
7,"vaccine,  covid,  day,  people,  vaccinated,  t,  booster,  test,  omicron,  throat"
,Feb-22
0,"vaccine,  people,  day,  covid,  month,  datum,  booster,  effect,  vaccinated,  shot"
1,"vaccine,  covid,  vaccinated,  t,  day,  people,  booster,  vaccination,  time,  shot"
2,"covid,  vaccine,  people,  long,  t,  day,  year,  shot,  vaccinated,  mask"
3,"people,  vaccine,  case,  covid,  vaccinated,  day,  test,  datum,  long,  week"
4,"vaccine,  people,  datum,  covid,  case,  vaccinated,  booster,  death,  week,  mask"
5,"vaccine,  t,  people,  booster,  time,  mandate,  day,  shot,  mask,  week"
6,"vaccine,  people,  covid,  t,  shot,  day,  long,  vaccinated,  booster,  week"
7,"vaccine,  covid,  day,  people,  case,  t,  vaccinated,  week,  booster,  vaccination"
