Topic,Words and probability,,,,,,,Topic,Words and probability,
,20-Jan,,,,,,,,20-Jan,
0,"study, foot, t, doctor, vaccine, people, effect, vaccinated, pain, thing",,,,,,,0,"vaccine,  t,  people,  flu,  effect,  risk,  drug,  year,  symptom,  don",
1,"foot, t, effect, time, doctor, good, year, vaccination, muslim, pain",,,,,,,1,"vaccine,  people,  t,  study,  vaccinated,  year,  doctor,  thing,  good,  need",
2,"people, vaccine, t, thing, drug, vaccinated, death, case, doctor, need",,,,,,,2,"people,  system,  immune,  virus,  vaccine,  wuhan,  time,  good,  anxiy,  hethy",
3,"doctor, vaccination, year, vaccine, virus, good, people, time, parent, lot",,,,,,,3,"vaccine,  people,  thing,  t,  year,  problem,  need,  day,  study,  vaccinated",
4,"people, vaccine, disease, t, autoimmune, way, shot, need, thing, virus",,,,,,,4,"people,  vaccine,  t,  virus,  good,  time,  flu,  shot,  disease,  need",
5,"sure, people, vaccinated, good, symptom, vaccine, t, effect, day, anti",,,,,,,5,"people,  lot,  year,  sick,  virus,  doctor,  flu,  system,  t,  disease",
6,"vaccine, year, pain, t, foot, kid, disease, time, day, vaccinated",,,,,,,6,"people,  anti,  hospit,  coronavirus,  wuhan,  system,  good,  t,  drug,  china",
7,"people, immune, system, good, virus, time, flu, child, vaccine, year",,,,,,,7,"doctor,  vaccine,  year,  anti,  vaccination,  effect,  t,  thing,  child,  unvaccinated",
,20-Feb,,,,,,,,20-Feb,
0,"case, vaccine, flu, virus, year, day, people, season, time, good",,,,,,,0,"people,  case,  vaccine,  time,  china,  patient,  country,  sar,  immune,  virus",
1,"vaccine, virus, hospit, life, people, system, medic, immune, person, hethy",,,,,,,1,"people,  vaccine,  flu,  time,  t,  virus,  year,  day,  thing,  need",
2,"people, flu, case, pain, good, t, vitamin, immune, thing, day",,,,,,,2,"virus,  vaccine,  people,  good,  hospit,  work,  mer,  time,  cell,  life",
3,"virus, pain, people, week, patient, case, good, day, time, vaccine",,,,,,,3,"people,  immune,  vaccine,  t,  system,  work,  year,  flu,  don,  virus",
4,"t, people, time, vaccine, don, year, case, thing, kid, good",,,,,,,4,"case,  people,  t,  day,  virus,  time,  death,  system,  shot,  flu",
5,"immune, system, time, people, day, flu, case, year, patient, sar",,,,,,,5,"people,  virus,  vaccine,  year,  time,  flu,  case,  symptom,  good,  pain",
6,"time, t, people, day, vaccine, work, bad, pain, thing, symptom",,,,,,,6,"virus,  vaccine,  case,  flu,  day,  people,  thing,  infection,  season,  time",
7,"people, work, time, virus, case, flu, immune, day, year, vaccine",,,,,,,7,"vaccine,  flu,  virus,  good,  day,  bill,  people,  vitamin,  person,  t",
,20-Mar,,,,,,,,20-Mar,
0,"people, virus, need, t, time, day, home, thing, case, work",,,,,,,0,"people,  virus,  vaccine,  case,  time,  patient,  mask,  thing,  day,  system",
1,"people, day, case, time, virus, vaccine, immune, year, t, home",,,,,,,1,"people,  day,  mask,  virus,  time,  case,  week,  work,  immunity,  good",
2,"people, t, mask, need, good, virus, day, vaccine, thing, case",,,,,,,2,"vaccine,  test,  study,  people,  patient,  case,  t,  day,  virus,  soci",
3,"people, t, day, system, vaccine, immune, time, patient, home, work",,,,,,,3,"people,  vaccine,  virus,  need,  immune,  t,  system,  good,  time,  thing",
4,"people, need, day, virus, case, symptom, home, time, immune, bad",,,,,,,4,"people,  flu,  vaccine,  day,  good,  virus,  case,  time,  t,  symptom",
5,"people, case, day, week, time, virus, coronavirus, test, t, mask",,,,,,,5,"people,  t,  test,  vaccine,  time,  immune,  number,  day,  cough,  coronavirus",
6,"virus, people, good, time, immune, day, system, vaccine, thing, way",,,,,,,6,"t,  people,  day,  time,  immune,  sick,  virus,  home,  system,  thing",
7,"t, people, case, need, virus, time, soci, don, help, thing",,,,,,,7,"risk,  day,  work,  people,  immune,  t,  week,  virus,  year,  flu",
,20-Apr,,,,,,,,20-Apr,
0,"people, need, test, day, t, vaccine, time, thing, testing, week",,,,,,,0,"people,  test,  x,  need,  t,  vaccine,  good,  week,  antibody,  thing",
1,"people, need, test, day, home, time, testing, virus, t, work",,,,,,,1,"people,  vaccine,  virus,  t,  test,  need,  day,  thing,  good,  case",
2,"people, vaccine, t, x, need, testing, home, new, thing, test",,,,,,,2,"people,  t,  x,  need,  time,  day,  test,  state,  case,  testing",
3,"t, x, people, virus, need, vaccine, test, day, time, new",,,,,,,3,"people,  t,  need,  testing,  x,  new,  virus,  test,  state,  death",
4,"people, x, t, test, need, work, testing, case, state, day",,,,,,,4,"vaccine,  people,  t,  antibody,  test,  testing,  case,  time,  x,  need",
5,"x, t, people, need, day, vaccine, new, home, good, thing",,,,,,,5,"people,  day,  virus,  x,  test,  need,  time,  case,  state,  thing",
6,"people, t, new, test, x, state, testing, case, day, need",,,,,,,6,"vaccine,  people,  virus,  testing,  week,  case,  immunity,  day,  test,  work",
7,"people, test, case, x, day, need, testing, t, death, work",,,,,,,7,"people,  virus,  t,  work,  home,  death,  x,  new,  time,  test",
,20-May,,,,,,,,20-May,
0,"people, test, t, vaccine, case, number, antibody, testing, work, death",,,,,,,0,"test,  people,  antibody,  t,  case,  time,  positive,  day,  testing,  week",
1,"people, x, t, time, need, state, work, virus, testing, right",,,,,,,1,"people,  t,  time,  good,  testing,  vaccine,  thing,  need,  x,  day",
2,"people, t, virus, vaccine, time, x, testing, day, thing, low",,,,,,,2,"people,  vaccine,  t,  virus,  work,  time,  day,  x,  week,  case",
3,"people, t, case, antibody, test, death, time, x, week, testing",,,,,,,3,"people,  t,  vaccine,  need,  immunity,  day,  work,  case,  x,  virus",
4,"people, t, day, time, x, case, good, testing, new, need",,,,,,,4,"test,  day,  people,  x,  testing,  time,  vaccine,  state,  work,  need",
5,"people, t, case, x, week, day, time, sure, virus, way",,,,,,,5,"t,  people,  time,  vaccine,  mask,  day,  x,  lot,  low,  right",
6,"t, people, mask, need, day, thing, x, week, good, time",,,,,,,6,"people,  t,  test,  antibody,  testing,  virus,  day,  time,  x,  vaccine",
7,"people, t, x, day, need, test, sure, state, case, work",,,,,,,7,"vaccine,  people,  t,  need,  case,  week,  virus,  day,  work,  x",
,20-Jun,,,,,,,,20-Jun,
0,"feme, case, county, t, , , disease, death, , x",,,,,,,0,"case,  vaccine,  feme,  county,  death,  t,  people,  x,  good,  day",
1,"case, x, t, test, people, cell, day, death, time, mask",,,,,,,1,"county,  feme,  vaccine,  death,  case,  t,  virus,  people,  x,  ",
2,"day, case, county, t, people, feme, need, time, symptom, death",,,,,,,2,"virus,  mask,  case,  week,  vaccine,  test,  antibody,  x,  patient,  people",
3,"people, t, time, x, vaccine, case, week, thing, need, number",,,,,,,3,"people,  vaccine,  day,  test,  mask,  time,  virus,  t,  antibody,  work",
4,"t, people, mask, test, death, virus, vaccine, x, good, work",,,,,,,4,"people,  vaccine,  t,  thing,  good,  need,  state,  time,  test,  x",
5,"people, vaccine, case, good, t, covid, day, effect, cell, immune",,,,,,,5,"t,  case,  people,  x,  antibody,  test,  cell,  patient,  long,  number",
6,"x, t, case, people, day, death, need, antibody, test, patient",,,,,,,6,"case,  t,  people,  day,  covid,  symptom,  week,  virus,  time,  test",
7,"people, t, virus, patient, thing, group, number, day, vaccine, study",,,,,,,7,"people,  vaccine,  t,  good,  time,  x,  mask,  virus,  covid,  effect",
,20-Jul,,,,,,,,20-Jul,
0,"people, t, day, case, vaccine, mask, virus, time, thing, positive",,,,,,,0,"people,  vaccine,  t,  mask,  case,  thing,  time,  virus,  day,  covid",
1,"day, case, test, vitamin, patient, people, infection, time, week, covid",,,,,,,1,"vaccine,  day,  people,  virus,  mask,  immune,  time,  case,  t,  infection",
2,"case, people, county, t, day, feme, patient, test, time, mask",,,,,,,2,"people,  day,  case,  immune,  test,  virus,  t,  positive,  time,  vaccine",
3,"t, day, people, vaccine, time, x, mask, test, case, long",,,,,,,3,"mask,  t,  people,  case,  vaccine,  x,  thing,  virus,  new,  time",
4,"t, people, day, covid, don, vaccine, x, kid, good, test",,,,,,,4,"case,  people,  t,  test,  death,  day,  county,  week,  mask,  immunity",
5,"vaccine, case, feme, county, t, people, hospit, death, patient, time",,,,,,,5,"people,  t,  vaccine,  don,  school,  time,  year,  kid,  day,  virus",
6,"vaccine, people, day, t, x, hope, mask, immune, case, time",,,,,,,6,"people,  case,  infection,  t,  day,  time,  immunity,  virus,  low,  patient",
7,"t, people, test, day, x, school, testing, time, need, student",,,,,,,7,"people,  mask,  day,  vaccine,  virus,  t,  immune,  case,  covid,  test",
,20-Aug,,,,,,,,20-Aug,
0,"vaccine, people, case, vir, day, x, x, virus, time, child",,,,,,,0,"test,  vaccine,  case,  day,  people,  immune,  system,  mask,  child,  covid",
1,"t, mask, people, thing, case, x, work, time, day, good",,,,,,,1,"t,  good,  time,  people,  day,  virus,  week,  immune,  thing,  vaccine",
2,"case, test, day, people, vaccine, county, good, new, school, t",,,,,,,2,"vaccine,  day,  test,  thing,  time,  people,  good,  virus,  t,  life",
3,"vaccine, day, virus, t, test, antibody, people, cell, response, thing",,,,,,,3,"people,  t,  vaccine,  virus,  test,  antibody,  case,  immune,  time,  testing",
4,"people, t, virus, immune, good, thing, time, day, need, system",,,,,,,4,"case,  county,  people,  mask,  feme,  new,  t,  death,  day,  good",
5,"t, people, vaccine, test, week, mask, x, day, case, thing",,,,,,,5,"day,  virus,  thing,  x,  test,  vaccine,  t,  people,  case,  week",
6,"vaccine, day, t, people, time, case, thing, way, death, don",,,,,,,6,"vaccine,  t,  case,  people,  sar,  new,  cell,  x,  covid,  antibody",
7,"case, county, feme, disease, death, people, new, t, tot, test",,,,,,,7,"people,  vaccine,  t,  mask,  time,  case,  thing,  year,  virus,  month",
,20-Sep,,,,,,,,20-Sep,
0,"vaccine, people, mask, case, time, county, t, week, lot, right",,,,,,,0,"t,  vaccine,  people,  day,  symptom,  covid,  month,  risk,  vitamin,  immune",
1,"day, t, vaccine, time, year, virus, people, thing, test, county",,,,,,,1,"|,  vaccine,  people,  virus,  test,  time,  day,  week,  case,  immune",
2,"county, case, vitamin, patient, day, covid, feme, people, new, test",,,,,,,2,"|,  vaccine,  people,  t,  week,  test,  covid,  time,  vitamin,  case",
3,"vaccine, people, week, thing, new, study, mask, good, covid, right",,,,,,,3,"vaccine,  t,  good,  doctor,  mask,  year,  people,  covid,  disease,  vitamin",
4,"vaccine, test, family, good, patient, week, flu, people, covid, t",,,,,,,4,"people,  county,  case,  antibody,  mask,  test,  immunity,  patient,  day,  feme",
5,"vitamin, patient, vaccine, people, ccifediol, mask, day, risk, icu, study",,,,,,,5,"vaccine,  people,  t,  day,  case,  thing,  long,  covid,  time,  new",
6,"virus, vaccine, case, people, day, immunity, thing, mask, county, time",,,,,,,6,"vaccine,  people,  virus,  day,  case,  risk,  vitamin,  |,  good,  patient",
7,"day, t, vaccine, vitamin, good, immune, thing, symptom, patient, year",,,,,,,7,"covid,  t,  day,  time,  people,  vaccine,  mask,  thing,  flu,  shot",
,20-Oct,,,,,,,,20-Oct,
0,"t, people, time, vaccine, cell, day, good, virus, covid, case",,,,,,,0,"vaccine,  people,  mask,  covid,  t,  thing,  virus,  year,  flu,  time",
1,"vaccine, system, immune, people, thing, virus, time, case, t, new",,,,,,,1,"vaccine,  t,  people,  year,  patient,  flu,  time,  need,  immune,  bad",
2,"vaccine, people, t, immune, mask, time, risk, thing, case, county",,,,,,,2,"vaccine,  t,  people,  immune,  time,  virus,  day,  case,  mask,  infection",
3,"t, thing, vaccine, immune, system, people, friend, good, covid, day",,,,,,,3,"vaccine,  people,  year,  good,  t,  way,  time,  effect,  shot,  thing",
4,"vaccine, people, year, good, t, time, flu, virus, immune, covid",,,,,,,4,"vaccine,  test,  case,  time,  antibody,  thing,  day,  virus,  people,  datum",
5,"people, time, case, mask, year, need, right, day, school, x",,,,,,,5,"shot,  vaccine,  day,  immune,  school,  t,  arm,  virus,  people,  flu",
6,"time, covid, t, mask, case, day, antibody, vaccine, need, people",,,,,,,6,"vaccine,  people,  time,  t,  year,  covid,  immune,  virus,  good,  system",
7,"day, people, patient, symptom, virus, mask, t, year, immune, case",,,,,,,7,"vaccine,  t,  people,  time,  day,  month,  week,  thing,  year,  case",
,20-Nov,,,,,,,,20-Nov,
0,"vaccine, covid, year, people, long, need, week, right, virus, flu",,,,,,,0,"vaccine,  people,  t,  case,  covid,  day,  virus,  efficacy,  time,  good",
1,"vaccine, year, time, covid, people, good, long, day, way, t",,,,,,,1,"vaccine,  people,  virus,  day,  time,  covid,  case,  need,  test,  week",
2,"people, vaccine, time, covid, day, case, mask, t, work, year",,,,,,,2,"vaccine,  case,  people,  long,  covid,  virus,  good,  time,  help,  need",
3,"day, people, vaccine, covid, week, case, test, new, year, t",,,,,,,3,"vaccine,  t,  covid,  pfizer,  people,  year,  new,  moderna,  effect,  long",
4,"vaccine, good, time, thing, right, people, need, day, sure, way",,,,,,,4,"vaccine,  people,  good,  year,  news,  pfizer,  need,  t,  effective,  day",
5,"vaccine, t, people, year, day, time, case, right, new, news",,,,,,,5,"vaccine,  people,  covid,  long,  time,  year,  case,  virus,  mask,  way",
6,"vaccine, case, day, t, covid, people, test, time, good, positive",,,,,,,6,"vaccine,  case,  people,  t,  covid,  day,  virus,  test,  time,  year",
7,"vaccine, case, covid, people, news, day, virus, t, year, high",,,,,,,7,"vaccine,  people,  t,  day,  covid,  work,  time,  week,  virus,  immune",
,20-Dec,,,,,,,,20-Dec,
0,"vaccine, people, day, t, covid, time, week, need, work, pfizer",,,,,,,0,"vaccine,  people,  t,  covid,  safe,  year,  week,  pfizer,  thing,  vaccination",
1,"vaccine, people, t, day, week, case, new, virus, hospit, care",,,,,,,1,"vaccine,  people,  t,  covid,  day,  time,  long,  need,  year,  don",
2,"vaccine, day, people, week, long, time, t, work, good, number",,,,,,,2,"vaccine,  people,  covid,  t,  time,  week,  day,  case,  work,  long",
3,"vaccine, day, covid, week, people, case, pfizer, work, t, time",,,,,,,3,"vaccine,  week,  people,  t,  shot,  month,  time,  work,  day,  case",
4,"vaccine, people, day, time, week, hope, year, datum, covid, new",,,,,,,4,"vaccine,  people,  day,  thing,  year,  new,  time,  good,  need,  care",
5,"vaccine, people, covid, time, day, week, t, thing, long, hospit",,,,,,,5,"vaccine,  people,  covid,  long,  t,  day,  good,  virus,  hospit,  care",
6,"vaccine, good, people, coronavirus, question, day, covid, r, t, time",,,,,,,6,"vaccine,  people,  time,  day,  week,  covid,  hospit,  test,  pfizer,  month",
7,"vaccine, people, case, long, t, day, good, dose, effect, month",,,,,,,7,"vaccine,  covid,  day,  people,  case,  t,  today,  pfizer,  effect,  time",
,21-Jan,,,,,,,,21-Jan,
0,"vaccine, day, t, people, time, long, week, covid, moderna, arm",,,,,,,0,"vaccine,  people,  day,  county,  covid,  effect,  feme,  case,  arm,  bad",
1,"vaccine, day, dose, people, shot, hour, arm, county, covid, case",,,,,,,1,"vaccine,  people,  day,  dose,  county,  shot,  covid,  t,  state,  vaccination",
2,"day, vaccine, shot, week, people, covid, county, good, symptom, hour",,,,,,,2,"vaccine,  day,  people,  t,  shot,  time,  arm,  covid,  week,  good",
3,"vaccine, people, week, vaccination, day, county, covid, thing, time, year",,,,,,,3,"vaccine,  t,  people,  day,  week,  new,  good,  dose,  time,  work",
4,"vaccine, |, day, arm, sore, dose, county, good, week, people",,,,,,,4,"vaccine,  day,  vaccination,  week,  dose,  people,  moderna,  thing,  time,  work",
5,"vaccine, dose, day, people, effect, t, covid, shot, time, week",,,,,,,5,"vaccine,  |,  day,  shot,  week,  covid,  county,  thing,  people,  t",
6,"vaccine, shot, people, day, dose, covid, moderna, work, week, time",,,,,,,6,"day,  vaccine,  week,  dose,  symptom,  people,  time,  covid,  effect,  arm",
7,"county, feme, vaccine, , , day, , people, , case",,,,,,,7,"day,  vaccine,  covid,  shot,  time,  people,  t,  work,  symptom,  year",
,21-Feb,,,,,,,,21-Feb,
0,"shot, vaccine, covid, people, t, day, arm, vaccination, effect, bad",,,,,,,0,"vaccine,  day,  shot,  t,  arm,  dose,  week,  work,  pain,  post",
1,"vaccine, day, dose, week, people, t, covid, county, tot, vaccination",,,,,,,1,"day,  dose,  vaccine,  people,  past,  covid,  tot,  population,  vaccinated,  t",
2,"day, vaccine, arm, people, shot, t, hour, week, time, moderna",,,,,,,2,"vaccine,  shot,  week,  day,  t,  dose,  arm,  people,  case,  year",
3,"vaccine, day, county, case, people, vaccination, effect, school, state, shot",,,,,,,3,"shot,  vaccine,  county,  vaccination,  people,  case,  covid,  day,  t,  arm",
4,"vaccine, day, shot, t, people, covid, arm, sore, symptom, week",,,,,,,4,"vaccine,  day,  |,  week,  people,  time,  t,  good,  covid,  county",
5,"vaccine, day, dose, people, week, moderna, past, time, good, tot",,,,,,,5,"vaccine,  people,  t,  week,  shot,  time,  covid,  effect,  good,  new",
6,"|, vaccine, shot, hour, arm, time, week, good, symptom, pain",,,,,,,6,"vaccine,  people,  covid,  t,  shot,  time,  dose,  day,  vaccination,  hour",
7,"vaccine, day, people, dose, shot, county, week, covid, t, vaccinated",,,,,,,7,"vaccine,  shot,  day,  county,  covid,  people,  effect,  time,  symptom,  moderna",
,21-Mar,,,,,,,,21-Mar,
0,"vaccine, shot, day, arm, covid, people, t, effect, good, yesterday",,,,,,,0,"vaccine,  t,  people,  day,  time,  covid,  thing,  effect,  good,  shot",
1,"day, vaccine, effect, week, shot, people, moderna, hour, symptom, dose",,,,,,,1,"vaccine,  people,  day,  covid,  time,  t,  vaccinated,  appointment,  shot,  week",
2,"vaccine, day, covid, people, shot, week, symptom, arm, effect, vaccinated",,,,,,,2,"day,  shot,  dose,  week,  vaccine,  pfizer,  effect,  time,  people,  moderna",
3,"shot, day, vaccine, t, appointment, today, time, case, week, bad",,,,,,,3,"shot,  vaccine,  day,  people,  vaccinated,  dose,  year,  past,  old,  t",
4,"vaccine, people, shot, day, |, arm, dose, pfizer, covid, effect",,,,,,,4,"vaccine,  shot,  people,  arm,  day,  t,  effect,  covid,  hour,  good",
5,"day, vaccine, shot, people, vaccinated, t, dose, appointment, week, arm",,,,,,,5,"vaccine,  day,  people,  week,  shot,  t,  time,  bad,  vaccinated,  year",
6,"vaccine, shot, day, bad, t, hour, arm, week, sore, year",,,,,,,6,"vaccine,  day,  shot,  covid,  week,  t,  pfizer,  bad,  moderna,  people",
7,"vaccine, shot, day, t, people, week, arm, vaccination, time, vaccinated",,,,,,,7,"shot,  vaccine,  day,  people,  t,  post,  vaccination,  today,  effect,  arm",
,21-Apr,,,,,,,,21-Apr,
0,"vaccine, shot, people, covid, time, t, effect, day, symptom, arm",,,,,,,0,"shot,  vaccine,  t,  effect,  day,  pain,  time,  covid,  people,  week",
1,"vaccine, day, shot, pfizer, hour, covid, week, arm, t, period",,,,,,,1,"vaccine,  symptom,  t,  covid,  shot,  day,  case,  week,  time,  bad",
2,"vaccine, shot, day, people, effect, arm, vaccinated, covid, t, |",,,,,,,2,"vaccine,  day,  bad,  t,  covid,  anxiy,  shot,  year,  good,  norm",
3,"t, vaccine, day, covid, week, people, vaccinated, don, good, hour",,,,,,,3,"shot,  day,  people,  vaccine,  |,  arm,  week,  t,  bad,  covid",
4,"vaccine, shot, day, case, t, people, time, bad, hour, week",,,,,,,4,"vaccine,  day,  shot,  people,  effect,  vaccinated,  dose,  pfizer,  week,  arm",
5,"day, shot, vaccine, week, people, effect, bad, symptom, t, pfizer",,,,,,,5,"vaccine,  week,  day,  shot,  effect,  people,  covid,  t,  today,  pfizer",
6,"vaccine, shot, day, |, people, week, moderna, vaccinated, today, t",,,,,,,6,"vaccine,  shot,  day,  vaccinated,  covid,  people,  t,  time,  moderna,  week",
7,"vaccine, effect, day, arm, t, thing, hour, site, bt, week",,,,,,,7,"vaccine,  day,  shot,  people,  good,  arm,  bad,  fever,  hour,  appointment",
,21-May,,,,,,,,21-May,
0,"vaccine, covid, shot, hour, day, week, symptom, arm, period, t",,,,,,,0,"vaccine,  t,  people,  shot,  covid,  week,  day,  vaccinated,  pfizer,  symptom",
1,"day, shot, vaccine, people, t, arm, effect, week, covid, pfizer",,,,,,,1,"vaccine,  shot,  day,  people,  vaccinated,  dose,  time,  pfizer,  population,  effect",
2,"vaccine, shot, day, symptom, week, t, body, covid, time, month",,,,,,,2,"vaccine,  people,  day,  week,  work,  month,  t,  shot,  good,  pfizer",
3,"vaccine, day, people, vaccinated, shot, population, dose, year, old, covid",,,,,,,3,"vaccine,  shot,  day,  covid,  week,  t,  effect,  time,  vaccinated,  people",
4,"day, vaccine, shot, period, effect, vaccinated, people, year, time, t",,,,,,,4,"vaccine,  day,  shot,  covid,  vaccinated,  people,  bad,  effect,  week,  good",
5,"|, vaccine, vaccinated, shot, week, day, pfizer, people, t, effect",,,,,,,5,"|,  shot,  vaccine,  day,  covid,  people,  vaccinated,  t,  lot,  year",
6,"shot, vaccine, effect, bad, people, day, week, covid, symptom, time",,,,,,,6,"vaccine,  people,  day,  effect,  vaccinated,  covid,  week,  shot,  bad,  period",
7,"vaccine, week, shot, day, people, t, covid, good, month, vaccinated",,,,,,,7,"vaccine,  shot,  day,  symptom,  t,  people,  bad,  headache,  effect,  week",
,21-Jun,,,,,,,,21-Jun,
0,"day, vaccine, shot, covid, week, effect, pfizer, people, vaccinated, symptom",,,,,,,0,"vaccine,  people,  shot,  t,  day,  covid,  time,  vaccinated,  vaccination,  week",
1,"day, vaccine, vaccinated, dose, shot, people, year, population, old, utahns",,,,,,,1,"vaccine,  shot,  day,  people,  time,  week,  vaccinated,  covid,  effect,  post",
2,"day, vaccine, vaccinated, dose, year, shot, population, period, people, time",,,,,,,2,"vaccine,  day,  shot,  vaccinated,  effect,  pfizer,  week,  people,  year,  covid",
3,"vaccine, people, shot, vaccinated, day, effect, covid, time, pfizer, population",,,,,,,3,"vaccine,  day,  pfizer,  week,  heart,  moderna,  shot,  symptom,  doctor,  work",
4,"vaccine, people, t, shot, vaccinated, covid, day, symptom, thing, effect",,,,,,,4,"vaccine,  day,  covid,  shot,  vaccinated,  people,  t,  week,  effect,  arm",
5,"vaccine, vaccinated, day, arm, t, week, pfizer, symptom, covid, sore",,,,,,,5,"vaccine,  day,  shot,  t,  people,  effect,  week,  pain,  time,  symptom",
6,"shot, day, pain, arm, week, vaccine, t, bad, people, effect",,,,,,,6,"day,  people,  vaccinated,  shot,  vaccine,  t,  population,  dose,  year,  covid",
7,"vaccine, shot, day, week, people, vaccination, t, effect, month, case",,,,,,,7,"day,  vaccine,  week,  people,  vaccinated,  month,  pfizer,  period,  effect,  shot",
,21-Jul,,,,,,,,21-Jul,
0,"shot, vaccine, day, vaccinated, good, dose, people, symptom, vaccination, t",,,,,,,0,"vaccine,  covid,  day,  shot,  people,  t,  symptom,  good,  time,  bad",
1,"vaccine, people, covid, vaccinated, shot, time, way, t, mask, risk",,,,,,,1,"vaccine,  people,  covid,  case,  vaccinated,  day,  delta,  t,  effect,  variant",
2,"vaccine, day, week, people, covid, effect, shot, symptom, pain, month",,,,,,,2,"vaccine,  people,  covid,  pfizer,  vaccinated,  week,  effect,  symptom,  shot,  day",
3,"vaccine, vaccinated, day, people, shot, dose, covid, pfizer, t, effect",,,,,,,3,"vaccine,  day,  vaccinated,  people,  shot,  covid,  symptom,  bad,  pain,  t",
4,"vaccine, day, vaccinated, people, effect, shot, covid, time, week, t",,,,,,,4,"vaccine,  people,  covid,  t,  effect,  vaccinated,  pfizer,  don,  doctor,  day",
5,"vaccine, day, people, shot, arm, covid, pain, vaccinated, year, effect",,,,,,,5,"day,  week,  vaccine,  people,  shot,  t,  covid,  long,  vaccinated,  effect",
6,"day, pain, moderna, vaccine, pfizer, issue, arm, covid, doctor, shot",,,,,,,6,"vaccine,  day,  shot,  vaccinated,  people,  mask,  t,  covid,  month,  effect",
7,"day, vaccine, t, people, vaccinated, covid, shot, pfizer, week, symptom",,,,,,,7,"vaccine,  day,  vaccinated,  people,  shot,  dose,  pain,  population,  year,  effect",
,21-Aug,,,,,,,,21-Aug,
0,"vaccine, day, vaccinated, shot, t, people, year, covid, dose, symptom",,,,,,,0,"vaccine,  shot,  day,  covid,  vaccinated,  week,  t,  year,  pfizer,  people",
1,"vaccine, day, t, people, covid, vaccinated, bad, shot, good, symptom",,,,,,,1,"vaccine,  shot,  day,  covid,  effect,  t,  people,  vaccinated,  pfizer,  moderna",
2,"vaccine, people, shot, arm, day, t, covid, effect, time, week",,,,,,,2,"vaccine,  people,  t,  covid,  day,  vaccinated,  shot,  bad,  time,  month",
3,"vaccine, covid, vaccinated, |, t, day, people, vaccination, year, case",,,,,,,3,"day,  vaccine,  post,  coronavirusca,  r,  rule,  covid,  effect,  vaccinated,  contact",
4,"day, vaccine, vaccinated, covid, week, effect, case, symptom, t, people",,,,,,,4,"vaccine,  vaccinated,  people,  covid,  effect,  time,  day,  shot,  case,  week",
5,"vaccine, shot, day, covid, time, norm, week, effect, t, vaccinated",,,,,,,5,"vaccine,  vaccinated,  day,  people,  shot,  vaccination,  mask,  virus,  dose,  |",
6,"vaccine, |, vaccinated, covid, day, people, dose, case, week, shot",,,,,,,6,"day,  vaccinated,  vaccine,  covid,  people,  shot,  case,  population,  time,  hospit",
7,"day, shot, vaccinated, pfizer, vaccine, covid, people, moderna, year, good",,,,,,,7,"|,  vaccine,  vaccination,  people,  vaccinated,  day,  doctor,  pfizer,  shot,  year",
,21-Sep,,,,,,,,21-Sep,
0,"vaccine, covid, day, shot, people, t, bad, vaccinated, symptom, dose",,,,,,,0,"shot,  day,  vaccine,  vaccinated,  effect,  t,  people,  covid,  good,  bad",
1,"shot, day, arm, vaccine, week, covid, effect, people, bad, time",,,,,,,1,"vaccine,  covid,  shot,  people,  day,  effect,  week,  booster,  time,  t",
2,"vaccine, effect, people, shot, day, virus, covid, week, vaccinated, good",,,,,,,2,"vaccine,  people,  covid,  vaccinated,  day,  t,  year,  thing,  symptom,  time",
3,"vaccine, people, vaccinated, booster, shot, covid, time, day, t, week",,,,,,,3,"day,  vaccine,  pfizer,  shot,  vaccinated,  dose,  week,  vaccination,  good,  pain",
4,"day, vaccinated, vaccine, dose, year, people, population, shot, old, tot",,,,,,,4,"t,  vaccine,  people,  covid,  vaccinated,  day,  old,  year,  don,  shot",
5,"vaccine, people, week, covid, t, vaccinated, day, shot, time, symptom",,,,,,,5,"vaccine,  shot,  day,  time,  people,  covid,  vaccinated,  year,  booster,  week",
6,"vaccine, covid, people, day, vaccinated, month, shot, vaccination, mask, good",,,,,,,6,"vaccine,  covid,  people,  long,  mask,  shot,  symptom,  t,  vaccinated,  day",
7,"vaccine, covid, day, shot, vaccinated, t, people, death, high, effect",,,,,,,7,"vaccine,  day,  people,  vaccinated,  covid,  dose,  week,  t,  shot,  vaccination",
,21-Oct,,,,,,,,21-Oct,
0,"shot, day, people, vaccinated, vaccine, moderna, t, week, pfizer, case",,,,,,,0,"vaccinated,  day,  vaccine,  population,  dose,  shot,  year,  old,  utahns,  tot",
1,"day, vaccine, shot, people, arm, pfizer, symptom, covid, effect, vaccinated",,,,,,,1,"vaccine,  people,  t,  covid,  effect,  pfizer,  day,  shot,  booster,  vaccinated",
2,"vaccine, day, people, good, t, shot, effect, work, bad, booster",,,,,,,2,"vaccine,  covid,  shot,  people,  moderna,  booster,  t,  pfizer,  month,  vaccinated",
3,"vaccine, covid, t, shot, day, time, people, vaccinated, bad, hour",,,,,,,3,"vaccine,  day,  covid,  shot,  week,  effect,  people,  symptom,  year,  t",
4,"vaccine, shot, covid, booster, day, moderna, r, discussion, people, hour",,,,,,,4,"people,  vaccine,  day,  shot,  thing,  vaccination,  covid,  booster,  work,  post",
5,"vaccine, booster, shot, moderna, arm, t, day, case, vaccinated, hour",,,,,,,5,"vaccine,  covid,  t,  booster,  fever,  people,  time,  moderna,  arm,  shot",
6,"vaccine, covid, month, booster, week, effect, moderna, time, symptom, vaccinated",,,,,,,6,"day,  shot,  covid,  vaccine,  t,  pain,  heart,  time,  week,  hour",
7,"day, vaccine, vaccinated, dose, shot, population, year, people, tot, utahns",,,,,,,7,"shot,  day,  booster,  vaccine,  moderna,  people,  vaccinated,  covid,  good,  pfizer",
,21-Nov,,,,,,,,21-Nov,
0,"booster, vaccinated, day, vaccine, shot, people, pfizer, old, year, effect",,,,,,,0,"shot,  vaccine,  people,  day,  thing,  moderna,  week,  vaccinated,  covid,  booster",
1,"vaccine, shot, booster, day, covid, t, people, effect, vaccinated, moderna",,,,,,,1,"vaccine,  people,  shot,  booster,  covid,  time,  day,  t,  case,  arm",
2,"vaccine, datum, covid, case, pa, shot, day, new, pennsylvania, topic",,,,,,,2,"booster,  shot,  vaccine,  day,  people,  moderna,  t,  case,  time,  effect",
3,"vaccine, covid, booster, people, vaccinated, time, day, good, year, month",,,,,,,3,"vaccine,  day,  covid,  people,  booster,  vaccinated,  week,  time,  hour,  shot",
4,"vaccine, t, shot, booster, covid, time, day, moderna, pfizer, people",,,,,,,4,"vaccine,  people,  booster,  covid,  vaccinated,  shot,  day,  vaccination,  bad,  month",
5,"shot, vaccine, day, people, booster, covid, effect, vaccinated, hour, bad",,,,,,,5,"people,  vaccine,  covid,  day,  pfizer,  booster,  shot,  time,  bad,  vaccinated",
6,"vaccine, people, vaccinated, covid, day, year, shot, month, high, pfizer",,,,,,,6,"vaccine,  covid,  vaccinated,  t,  booster,  people,  long,  day,  month,  year",
7,"day, shot, booster, vaccine, week, arm, bad, effect, symptom, time",,,,,,,7,"vaccine,  vaccinated,  shot,  t,  covid,  people,  year,  day,  time,  effect",
,21-Dec,,,,,,,,21-Dec,
0,"day, booster, vaccine, covid, shot, moderna, t, bad, omicron, vaccinated",,,,,,,0,"|,  datum,  vaccine,  day,  people,  covid,  vaccinated,  shot,  case,  booster",
1,"vaccine, covid, people, day, datum, vaccinated, case, dose, shot, symptom",,,,,,,1,"vaccine,  booster,  case,  day,  covid,  people,  datum,  week,  vaccinated,  test",
2,"booster, shot, covid, day, people, t, case, vaccine, vaccinated, test",,,,,,,2,"vaccine,  covid,  people,  day,  t,  time,  shot,  booster,  symptom,  case",
3,"vaccine, covid, time, t, people, shot, booster, bad, case, year",,,,,,,3,"vaccine,  booster,  t,  people,  covid,  day,  vaccinated,  shot,  month,  time",
4,"vaccine, |, case, day, booster, covid, people, new, good, datum",,,,,,,4,"vaccine,  covid,  case,  day,  t,  symptom,  booster,  shot,  vaccination,  week",
5,"day, vaccine, case, people, covid, booster, vaccinated, new, datum, symptom",,,,,,,5,"vaccine,  people,  covid,  shot,  booster,  vaccinated,  omicron,  t,  day,  time",
6,"day, vaccine, covid, booster, t, shot, people, pfizer, week, long",,,,,,,6,"vaccine,  day,  people,  covid,  month,  pfizer,  year,  t,  bad,  booster",
7,"vaccine, covid, people, omicron, day, vaccinated, t, virus, body, person",,,,,,,7,"vaccine,  booster,  covid,  t,  week,  day,  people,  time,  vaccinated,  shot",
,22-Jan,,,,,,,,22-Jan,
0,"vaccine, t, day, covid, booster, people, vaccinated, shot, case, omicron",,,,,,,0,"vaccine,  day,  t,  people,  covid,  shot,  time,  vaccinated,  symptom,  week",
1,"day, booster, vaccine, shot, week, pain, bad, symptom, effect, time",,,,,,,1,"vaccine,  covid,  people,  case,  day,  long,  shot,  time,  t,  symptom",
2,"covid, day, people, vaccine, case, bad, time, shot, vaccinated, symptom",,,,,,,2,"|,  case,  day,  people,  vaccinated,  booster,  covid,  t,  vaccine,  datum",
3,"vaccine, datum, t, day, covid, case, people, vaccinated, new, pa",,,,,,,3,"booster,  vaccine,  day,  covid,  positive,  t,  time,  bad,  symptom,  shot",
4,"|, day, covid, case, positive, symptom, booster, test, t, people",,,,,,,4,"day,  vaccine,  test,  symptom,  covid,  positive,  booster,  pain,  case,  week",
5,"|, case, vaccine, people, week, day, new, t, positive, covid",,,,,,,5,"vaccine,  people,  day,  covid,  year,  case,  mask,  test,  thing,  datum",
6,"day, booster, symptom, covid, vaccine, case, test, positive, t, throat",,,,,,,6,"vaccine,  covid,  day,  booster,  symptom,  people,  month,  case,  bad,  t",
7,"|, day, covid, case, week, time, booster, test, tot, positive",,,,,,,7,"vaccine,  covid,  day,  people,  vaccinated,  t,  booster,  test,  omicron,  throat",
,22-Feb,,,,,,,,22-Feb,
0,"vaccine, covid, datum, pa, long, day, case, pennsylvania, vaccinated, people",,,,,,,0,"vaccine,  people,  day,  covid,  month,  datum,  booster,  effect,  vaccinated,  shot",
1,"vaccine, case, datum, booster, t, shot, day, time, month, people",,,,,,,1,"vaccine,  covid,  vaccinated,  t,  day,  people,  booster,  vaccination,  time,  shot",
2,"vaccine, covid, day, booster, shot, people, vaccinated, effect, t, moderna",,,,,,,2,"covid,  vaccine,  people,  long,  t,  day,  year,  shot,  vaccinated,  mask",
3,"vaccine, people, case, datum, vaccinated, day, covid, booster, t, death",,,,,,,3,"people,  vaccine,  case,  covid,  vaccinated,  day,  test,  datum,  long,  week",
4,"people, vaccine, case, datum, day, vaccinated, covid, week, test, mask",,,,,,,4,"vaccine,  people,  datum,  covid,  case,  vaccinated,  booster,  death,  week,  mask",
5,"people, day, vaccine, case, t, booster, week, time, covid, right",,,,,,,5,"vaccine,  t,  people,  booster,  time,  mandate,  day,  shot,  mask,  week",
6,"people, covid, vaccine, datum, case, long, time, shot, vaccinated, antibody",,,,,,,6,"vaccine,  people,  covid,  t,  shot,  day,  long,  vaccinated,  booster,  week",
7,"covid, vaccine, people, long, day, case, symptom, week, test, vaccinated",,,,,,,7,"vaccine,  covid,  day,  people,  case,  t,  vaccinated,  week,  booster,  vaccination",
