,Topic,Words and probability
0,0,"0.091*""vaccine"" + 0.032*""covid"" + 0.014*""coronavirus"" + 0.009*""help"" + 0.007*""scientist"" + 0.007*""covid19"" + 0.007*""testing"" + 0.007*""new"" + 0.007*""research"" + 0.006*""time"""
1,1,"0.086*""vaccine"" + 0.020*""covid"" + 0.014*""need"" + 0.013*""virus"" + 0.008*""world"" + 0.008*""scientist"" + 0.007*""treatment"" + 0.007*""development"" + 0.007*""covid19"" + 0.007*""amp"""
2,2,"0.097*""vaccine"" + 0.030*""covid"" + 0.010*""treatment"" + 0.010*""development"" + 0.009*""new"" + 0.009*""coronavirus"" + 0.008*""test"" + 0.008*""year"" + 0.008*""virus"" + 0.007*""covid19"""
3,3,"0.099*""vaccine"" + 0.028*""covid"" + 0.011*""coronavirus"" + 0.011*""world"" + 0.010*""amp"" + 0.008*""treatment"" + 0.007*""india"" + 0.007*""test"" + 0.007*""virus"" + 0.006*""cure"""
4,4,"0.112*""vaccine"" + 0.030*""covid"" + 0.009*""development"" + 0.008*""work"" + 0.008*""clinic"" + 0.008*""world"" + 0.007*""immunity"" + 0.007*""tris"" + 0.007*""virus"" + 0.007*""coronavirus"""
5,5,"0.101*""vaccine"" + 0.026*""covid"" + 0.011*""amp"" + 0.011*""good"" + 0.010*""tris"" + 0.008*""pandemic"" + 0.008*""flu"" + 0.008*""human"" + 0.008*""people"" + 0.007*""way"""
6,6,"0.115*""vaccine"" + 0.036*""covid"" + 0.013*""people"" + 0.012*""amp"" + 0.007*""virus"" + 0.007*""test"" + 0.007*""time"" + 0.007*""year"" + 0.007*""need"" + 0.006*""covid19"""
7,7,"0.102*""vaccine"" + 0.033*""covid"" + 0.016*""coronavirus"" + 0.011*""need"" + 0.010*""people"" + 0.008*""new"" + 0.008*""news"" + 0.008*""flu"" + 0.008*""treatment"" + 0.007*""drug"""
