,Topic,Words and probability
0,0,"0.107*""vaccine"" + 0.047*""coronavirus"" + 0.015*""flu"" + 0.012*""virus"" + 0.010*""ready"" + 0.010*""prevent"" + 0.009*""month"" + 0.009*""available"" + 0.009*""moderna"" + 0.008*""year"""
1,1,"0.078*""vaccine"" + 0.027*""coronavirus"" + 0.020*""covid"" + 0.015*""people"" + 0.013*""amp"" + 0.011*""month"" + 0.010*""time"" + 0.010*""virus"" + 0.010*""flu"" + 0.010*""need"""
2,2,"0.067*""vaccine"" + 0.015*""coronavirus"" + 0.010*""good"" + 0.009*""covid"" + 0.008*""news"" + 0.008*""virus"" + 0.008*""new"" + 0.007*""amp"" + 0.007*""people"" + 0.007*""|"""
3,3,"0.114*""vaccine"" + 0.025*""coronavirus"" + 0.015*""development"" + 0.015*""drug"" + 0.015*""|"" + 0.014*""tris"" + 0.010*""new"" + 0.010*""human"" + 0.010*""lab"" + 0.009*""time"""
4,4,"0.083*""vaccine"" + 0.015*""covid"" + 0.015*""virus"" + 0.013*""flu"" + 0.013*""development"" + 0.012*""amp"" + 0.008*""new"" + 0.008*""time"" + 0.007*""treatment"" + 0.007*""people"""
5,5,"0.060*""vaccine"" + 0.018*""coronavirus"" + 0.017*""novel"" + 0.013*""development"" + 0.010*""advance"" + 0.009*""drug"" + 0.008*""tris"" + 0.008*""novavax"" + 0.007*""covid"" + 0.006*""news"""
6,6,"0.087*""vaccine"" + 0.014*""drug"" + 0.013*""coronavirus"" + 0.012*""virus"" + 0.012*""tris"" + 0.010*""month"" + 0.010*""trump"" + 0.010*""flu"" + 0.009*""risk"" + 0.009*""covid19"""
7,7,"0.099*""vaccine"" + 0.025*""covid"" + 0.020*""coronavirus"" + 0.019*""flu"" + 0.012*""new"" + 0.010*""research"" + 0.009*""ready"" + 0.009*""year"" + 0.009*""tris"" + 0.007*""month"""
