,Unnamed: 0,Topic,Words and probability
0,0,0,"0.124*""vaccine"" + 0.077*""covid"" + 0.013*""news"" + 0.008*""new"" + 0.007*""uk"" + 0.007*""pfizer"" + 0.006*""covid19"" + 0.006*""people"" + 0.006*""trump"" + 0.006*""world"""
1,1,1,"0.096*""vaccine"" + 0.035*""covid"" + 0.015*""pfizer"" + 0.013*""covidvaccine"" + 0.013*""uk"" + 0.012*""year"" + 0.011*""amp"" + 0.007*""covid19"" + 0.007*""people"" + 0.007*""world"""
2,2,2,"0.088*""vaccine"" + 0.033*""covid"" + 0.015*""covidvaccine"" + 0.013*""covid19"" + 0.009*""pfizer"" + 0.008*""dose"" + 0.007*""need"" + 0.007*""week"" + 0.006*""amp"" + 0.006*""public"""
3,3,3,"0.093*""vaccine"" + 0.044*""covid"" + 0.019*""pfizer"" + 0.009*""risk"" + 0.009*""biontech"" + 0.008*""year"" + 0.007*""people"" + 0.006*""president"" + 0.006*""use"" + 0.005*""public"""
4,4,4,"0.118*""vaccine"" + 0.049*""covid"" + 0.019*""people"" + 0.015*""pfizer"" + 0.011*""work"" + 0.010*""covidvaccine"" + 0.008*""need"" + 0.005*""amp"" + 0.005*""month"" + 0.005*""available"""
5,5,5,"0.101*""vaccine"" + 0.062*""covid"" + 0.012*""covidvaccine"" + 0.012*""week"" + 0.010*""people"" + 0.009*""year"" + 0.009*""day"" + 0.009*""worry"" + 0.008*""need"" + 0.006*""patient"""
6,6,6,"0.116*""vaccine"" + 0.042*""covid"" + 0.012*""pfizer"" + 0.009*""today"" + 0.007*""week"" + 0.007*""worker"" + 0.006*""covidvaccine"" + 0.006*""thank"" + 0.006*""long"" + 0.006*""need"""
7,7,7,"0.093*""vaccine"" + 0.062*""covid"" + 0.019*""amp"" + 0.019*""people"" + 0.012*""covidvaccine"" + 0.009*""today"" + 0.007*""pfizer"" + 0.007*""good"" + 0.006*""day"" + 0.005*""time"""
0,0,0,"0.107*""vaccine"" + 0.047*""coronavirus"" + 0.015*""flu"" + 0.012*""virus"" + 0.010*""ready"" + 0.010*""prevent"" + 0.009*""month"" + 0.009*""available"" + 0.009*""moderna"" + 0.008*""year"""
1,1,1,"0.078*""vaccine"" + 0.027*""coronavirus"" + 0.020*""covid"" + 0.015*""people"" + 0.013*""amp"" + 0.011*""month"" + 0.010*""time"" + 0.010*""virus"" + 0.010*""flu"" + 0.010*""need"""
2,2,2,"0.067*""vaccine"" + 0.015*""coronavirus"" + 0.010*""good"" + 0.009*""covid"" + 0.008*""news"" + 0.008*""virus"" + 0.008*""new"" + 0.007*""amp"" + 0.007*""people"" + 0.007*""|"""
3,3,3,"0.114*""vaccine"" + 0.025*""coronavirus"" + 0.015*""development"" + 0.015*""drug"" + 0.015*""|"" + 0.014*""tris"" + 0.010*""new"" + 0.010*""human"" + 0.010*""lab"" + 0.009*""time"""
4,4,4,"0.083*""vaccine"" + 0.015*""covid"" + 0.015*""virus"" + 0.013*""flu"" + 0.013*""development"" + 0.012*""amp"" + 0.008*""new"" + 0.008*""time"" + 0.007*""treatment"" + 0.007*""people"""
5,5,5,"0.060*""vaccine"" + 0.018*""coronavirus"" + 0.017*""novel"" + 0.013*""development"" + 0.010*""advance"" + 0.009*""drug"" + 0.008*""tris"" + 0.008*""novavax"" + 0.007*""covid"" + 0.006*""news"""
6,6,6,"0.087*""vaccine"" + 0.014*""drug"" + 0.013*""coronavirus"" + 0.012*""virus"" + 0.012*""tris"" + 0.010*""month"" + 0.010*""trump"" + 0.010*""flu"" + 0.009*""risk"" + 0.009*""covid19"""
7,7,7,"0.099*""vaccine"" + 0.025*""covid"" + 0.020*""coronavirus"" + 0.019*""flu"" + 0.012*""new"" + 0.010*""research"" + 0.009*""ready"" + 0.009*""year"" + 0.009*""tris"" + 0.007*""month"""
0,0,0,"0.075*""vaccine"" + 0.024*""covid"" + 0.013*""dose"" + 0.012*""covidvaccine"" + 0.011*""week"" + 0.008*""resident"" + 0.007*""people"" + 0.007*""old"" + 0.007*""clinic"" + 0.007*""amp"""
1,1,1,"0.100*""vaccine"" + 0.038*""covid"" + 0.009*""dose"" + 0.009*""today"" + 0.008*""day"" + 0.007*""help"" + 0.007*""news"" + 0.007*""good"" + 0.007*""covidvaccine"" + 0.006*""pfizer"""
2,2,2,"0.122*""vaccine"" + 0.065*""covid"" + 0.016*""people"" + 0.010*""amp"" + 0.006*""today"" + 0.005*""day"" + 0.005*""county"" + 0.005*""need"" + 0.005*""shot"" + 0.005*""death"""
3,3,3,"0.046*""vaccine"" + 0.033*""covidvaccine"" + 0.019*""covid"" + 0.011*""amp"" + 0.011*""today"" + 0.011*""shot"" + 0.007*""tri"" + 0.006*""virus"" + 0.006*""week"" + 0.005*""question"""
4,4,4,"0.051*""vaccine"" + 0.030*""covidvaccine"" + 0.025*""covid"" + 0.015*""amp"" + 0.009*""vaccination"" + 0.009*""year"" + 0.007*""need"" + 0.006*""number"" + 0.006*""people"" + 0.005*""today"""
5,5,5,"0.102*""vaccine"" + 0.057*""covid"" + 0.011*""today"" + 0.011*""covidvaccine"" + 0.009*""amp"" + 0.008*""vaccination"" + 0.008*""appointment"" + 0.008*""week"" + 0.007*""covid19"" + 0.007*""people"""
6,6,6,"0.102*""vaccine"" + 0.059*""covid"" + 0.009*""amp"" + 0.009*""good"" + 0.007*""new"" + 0.007*""need"" + 0.007*""people"" + 0.006*""year"" + 0.006*""covidvaccine"" + 0.006*""news"""
7,7,7,"0.075*""vaccine"" + 0.040*""covid"" + 0.020*""covidvaccine"" + 0.012*""people"" + 0.009*""vaccination"" + 0.009*""amp"" + 0.007*""vaccinated"" + 0.007*""today"" + 0.006*""community"" + 0.006*""free"""
0,0,0,"0.214*""|"" + 0.076*""poster"" + 0.075*""presentation"" + 0.042*""opportunity"" + 0.042*""l"" + 0.041*""research"" + 0.041*""e"" + 0.041*""immunologyconference"" + 0.040*""inflammation"" + 0.040*""video"""
1,1,1,"0.023*""vaccine"" + 0.023*""immunology"" + 0.023*""|"" + 0.023*""rome"" + 0.023*""immunity"" + 0.023*""ity"" + 0.023*""immunotherapy"" + 0.023*""immunochemistry"" + 0.023*""amp"" + 0.023*""immunesystem"""
2,2,2,"0.061*""vaccine"" + 0.057*""|"" + 0.050*""immunology"" + 0.050*""immunity"" + 0.050*""virology"" + 0.050*""pathologic"" + 0.050*""immunochemistryconferences.comdiabe"" + 0.050*""immunochemistry"" + 0.050*""vaccineswork"" + 0.050*""date"""
3,3,3,"0.023*""immunology"" + 0.023*""vaccine"" + 0.023*""|"" + 0.023*""ity"" + 0.023*""rome"" + 0.023*""immunochemistry"" + 0.023*""immunity"" + 0.023*""immunotherapy"" + 0.023*""poster"" + 0.023*""bookmark"""
4,4,4,"0.106*""vaccine"" + 0.057*""ity"" + 0.056*""foodsafy"" + 0.056*""rome"" + 0.056*""immunity"" + 0.055*""upcoming"" + 0.054*""expert"" + 0.054*""pathology"" + 0.054*""immunology"" + 0.052*""immunochemistry"""
5,5,5,"0.023*""vaccine"" + 0.023*""immunology"" + 0.023*""|"" + 0.023*""rome"" + 0.023*""immunity"" + 0.023*""ity"" + 0.023*""immunotherapy"" + 0.023*""immunochemistry"" + 0.023*""poster"" + 0.023*""date"""
6,6,6,"0.023*""vaccine"" + 0.023*""immunology"" + 0.023*""|"" + 0.023*""ity"" + 0.023*""rome"" + 0.023*""immunochemistry"" + 0.023*""immunity"" + 0.023*""amp"" + 0.023*""immunotherapy"" + 0.023*""poster"""
7,7,7,"0.099*""immunology"" + 0.067*""vaccine"" + 0.057*""rome"" + 0.057*""ity"" + 0.045*""immunotherapy"" + 0.045*""book"" + 0.045*""scientificresearcher"" + 0.045*""heamatology"" + 0.045*""doctor"" + 0.045*""microbiology"""
0,0,0,"0.095*""vaccine"" + 0.058*""covid"" + 0.008*""today"" + 0.007*""people"" + 0.007*""vaccination"" + 0.006*""covid19"" + 0.006*""case"" + 0.006*""immunity"" + 0.005*""dose"" + 0.005*""need"""
1,1,1,"0.096*""vaccine"" + 0.061*""covid"" + 0.022*""vaccinated"" + 0.018*""risk"" + 0.012*""people"" + 0.010*""amp"" + 0.008*""vaccination"" + 0.007*""long"" + 0.007*""pfizer"" + 0.006*""covidvaccine"""
2,2,2,"0.074*""vaccine"" + 0.020*""covid"" + 0.016*""people"" + 0.015*""new"" + 0.013*""amp"" + 0.013*""covidvaccine"" + 0.009*""vaccinated"" + 0.007*""variant"" + 0.006*""dose"" + 0.006*""week"""
3,3,3,"0.111*""vaccine"" + 0.054*""covid"" + 0.009*""amp"" + 0.008*""people"" + 0.007*""death"" + 0.006*""dose"" + 0.006*""vaccination"" + 0.006*""good"" + 0.006*""need"" + 0.006*""safe"""
4,4,4,"0.100*""vaccine"" + 0.055*""covid"" + 0.026*""people"" + 0.009*""amp"" + 0.008*""death"" + 0.008*""effect"" + 0.006*""variant"" + 0.006*""time"" + 0.006*""shot"" + 0.006*""work"""
5,5,5,"0.106*""vaccine"" + 0.084*""covid"" + 0.023*""people"" + 0.014*""vaccinated"" + 0.013*""death"" + 0.009*""amp"" + 0.007*""vaccination"" + 0.007*""risk"" + 0.006*""life"" + 0.005*""shot"""
6,6,6,"0.089*""vaccine"" + 0.054*""covid"" + 0.017*""vaccinated"" + 0.014*""people"" + 0.011*""pfizer"" + 0.010*""long"" + 0.008*""variant"" + 0.008*""today"" + 0.008*""good"" + 0.007*""year"""
7,7,7,"0.083*""covid"" + 0.075*""vaccine"" + 0.011*""case"" + 0.009*""vaccinated"" + 0.008*""covidvaccine"" + 0.008*""day"" + 0.007*""vaccination"" + 0.006*""mask"" + 0.006*""people"" + 0.005*""jab"""
0,0,0,"0.067*""vaccine"" + 0.018*""covid"" + 0.013*""treatment"" + 0.011*""news"" + 0.011*""virus"" + 0.008*""future"" + 0.008*""time"" + 0.008*""world"" + 0.007*""test"" + 0.007*""amp"""
1,1,1,"0.116*""vaccine"" + 0.029*""covid"" + 0.019*""coronavirus"" + 0.007*""phase"" + 0.007*""world"" + 0.007*""year"" + 0.006*""covid19"" + 0.006*""development"" + 0.006*""new"" + 0.006*""amp"""
2,2,2,"0.105*""vaccine"" + 0.027*""covid"" + 0.014*""people"" + 0.012*""tris"" + 0.012*""tri"" + 0.009*""amp"" + 0.008*""astrazeneca"" + 0.008*""human"" + 0.007*""potenti"" + 0.007*""covid19"""
3,3,3,"0.089*""vaccine"" + 0.026*""covid"" + 0.010*""treatment"" + 0.009*""world"" + 0.009*""amp"" + 0.008*""tris"" + 0.008*""clinic"" + 0.008*""tri"" + 0.007*""people"" + 0.006*""work"""
4,4,4,"0.095*""vaccine"" + 0.024*""covid"" + 0.011*""available"" + 0.010*""amp"" + 0.009*""end"" + 0.009*""year"" + 0.007*""tris"" + 0.007*""news"" + 0.006*""people"" + 0.006*""development"""
5,5,5,"0.100*""vaccine"" + 0.050*""covid"" + 0.010*""need"" + 0.008*""people"" + 0.007*""amp"" + 0.007*""good"" + 0.007*""available"" + 0.006*""case"" + 0.006*""help"" + 0.006*""right"""
6,6,6,"0.115*""vaccine"" + 0.050*""covid"" + 0.010*""flu"" + 0.008*""year"" + 0.007*""covid19"" + 0.006*""virus"" + 0.006*""people"" + 0.006*""amp"" + 0.006*""treatment"" + 0.005*""new"""
7,7,7,"0.080*""vaccine"" + 0.042*""covid"" + 0.010*""people"" + 0.009*""amp"" + 0.007*""safe"" + 0.006*""good"" + 0.006*""need"" + 0.005*""free"" + 0.005*""death"" + 0.005*""india"""
0,0,0,"0.105*""vaccine"" + 0.058*""covid"" + 0.014*""amp"" + 0.013*""people"" + 0.009*""covidvaccine"" + 0.009*""appointment"" + 0.008*""vaccination"" + 0.008*""week"" + 0.008*""today"" + 0.006*""good"""
1,1,1,"0.107*""vaccine"" + 0.015*""covid"" + 0.011*""covidvaccine"" + 0.011*""today"" + 0.007*""india"" + 0.007*""amp"" + 0.007*""old"" + 0.007*""people"" + 0.006*""vaccinated"" + 0.006*""year"""
2,2,2,"0.082*""vaccine"" + 0.052*""covid"" + 0.017*""today"" + 0.015*""covidvaccine"" + 0.009*""covid19"" + 0.009*""shot"" + 0.008*""amp"" + 0.007*""year"" + 0.007*""time"" + 0.007*""death"""
3,3,3,"0.103*""vaccine"" + 0.029*""covid"" + 0.014*""people"" + 0.010*""covidvaccine"" + 0.009*""vaccinated"" + 0.008*""vaccination"" + 0.007*""covid19"" + 0.007*""amp"" + 0.006*""eligible"" + 0.006*""week"""
4,4,4,"0.098*""vaccine"" + 0.054*""covid"" + 0.014*""year"" + 0.012*""eligible"" + 0.009*""today"" + 0.008*""covidvaccine"" + 0.007*""people"" + 0.005*""variant"" + 0.004*""march"" + 0.004*""country"""
5,5,5,"0.112*""vaccine"" + 0.073*""covid"" + 0.013*""people"" + 0.008*""amp"" + 0.007*""covidvaccine"" + 0.007*""appointment"" + 0.006*""shot"" + 0.006*""thank"" + 0.006*""country"" + 0.006*""day"""
6,6,6,"0.100*""vaccine"" + 0.068*""covid"" + 0.009*""day"" + 0.008*""covidvaccine"" + 0.008*""effect"" + 0.008*""long"" + 0.007*""dose"" + 0.007*""appointment"" + 0.007*""new"" + 0.007*""week"""
7,7,7,"0.105*""vaccine"" + 0.059*""covid"" + 0.016*""johnson"" + 0.015*""amp"" + 0.015*""today"" + 0.014*""shot"" + 0.008*""covidvaccine"" + 0.008*""need"" + 0.007*""help"" + 0.006*""vaccinated"""
0,0,0,"0.068*""vaccine"" + 0.018*""covid"" + 0.015*""tri"" + 0.008*""treatment"" + 0.008*""need"" + 0.007*""people"" + 0.007*""coronavirus"" + 0.007*""hope"" + 0.007*""development"" + 0.007*""clinic"""
1,1,1,"0.087*""vaccine"" + 0.022*""covid"" + 0.009*""amp"" + 0.009*""work"" + 0.008*""world"" + 0.008*""race"" + 0.006*""glob"" + 0.006*""available"" + 0.006*""antibody"" + 0.005*""treatment"""
2,2,2,"0.107*""vaccine"" + 0.035*""covid"" + 0.012*""people"" + 0.008*""world"" + 0.008*""tris"" + 0.007*""year"" + 0.007*""virus"" + 0.007*""flu"" + 0.006*""potenti"" + 0.006*""time"""
3,3,3,"0.077*""vaccine"" + 0.028*""covid"" + 0.010*""coronavirus"" + 0.009*""virus"" + 0.008*""amp"" + 0.007*""available"" + 0.007*""time"" + 0.006*""covid19"" + 0.006*""tri"" + 0.006*""development"""
4,4,4,"0.085*""vaccine"" + 0.057*""covid"" + 0.018*""amp"" + 0.013*""people"" + 0.011*""year"" + 0.010*""flu"" + 0.007*""pandemic"" + 0.007*""virus"" + 0.007*""life"" + 0.006*""good"""
5,5,5,"0.108*""vaccine"" + 0.049*""covid"" + 0.012*""covid19"" + 0.010*""coronavirus"" + 0.008*""treatment"" + 0.008*""news"" + 0.007*""development"" + 0.007*""amp"" + 0.006*""research"" + 0.006*""good"""
6,6,6,"0.077*""vaccine"" + 0.043*""covid"" + 0.017*""people"" + 0.010*""death"" + 0.006*""end"" + 0.006*""need"" + 0.006*""coronavirus"" + 0.006*""good"" + 0.006*""flu"" + 0.005*""disease"""
7,7,7,"0.127*""vaccine"" + 0.017*""covid"" + 0.010*""coronavirus"" + 0.009*""need"" + 0.009*""news"" + 0.008*""world"" + 0.007*""development"" + 0.007*""tri"" + 0.007*""human"" + 0.007*""people"""
0,0,0,"0.103*""vaccine"" + 0.079*""covid"" + 0.010*""vaccinated"" + 0.009*""people"" + 0.008*""need"" + 0.007*""effect"" + 0.007*""amp"" + 0.006*""appointment"" + 0.006*""shot"" + 0.005*""good"""
1,1,1,"0.096*""vaccine"" + 0.056*""covid"" + 0.019*""people"" + 0.009*""amp"" + 0.009*""country"" + 0.009*""dose"" + 0.007*""covidvaccine"" + 0.006*""vaccinated"" + 0.006*""india"" + 0.006*""vaccination"""
2,2,2,"0.096*""vaccine"" + 0.067*""covid"" + 0.018*""people"" + 0.014*""vaccination"" + 0.013*""today"" + 0.010*""vaccinated"" + 0.008*""covidvaccine"" + 0.007*""amp"" + 0.007*""day"" + 0.006*""india"""
3,3,3,"0.094*""vaccine"" + 0.050*""covid"" + 0.014*""india"" + 0.013*""pfizer"" + 0.011*""amp"" + 0.011*""vaccination"" + 0.010*""people"" + 0.009*""year"" + 0.008*""covidvaccine"" + 0.006*""week"""
4,4,4,"0.102*""vaccine"" + 0.034*""covid"" + 0.015*""covidvaccine"" + 0.009*""vaccinated"" + 0.009*""appointment"" + 0.008*""pfizer"" + 0.007*""vaccination"" + 0.007*""covid19"" + 0.006*""help"" + 0.006*""today"""
5,5,5,"0.099*""vaccine"" + 0.053*""covid"" + 0.017*""vaccinated"" + 0.016*""people"" + 0.011*""death"" + 0.009*""mask"" + 0.007*""time"" + 0.006*""free"" + 0.006*""new"" + 0.006*""today"""
6,6,6,"0.094*""vaccine"" + 0.045*""covid"" + 0.015*""shot"" + 0.013*""amp"" + 0.013*""covidvaccine"" + 0.008*""today"" + 0.008*""good"" + 0.008*""risk"" + 0.008*""people"" + 0.007*""pfizer"""
7,7,7,"0.102*""vaccine"" + 0.065*""covid"" + 0.011*""day"" + 0.008*""vaccinated"" + 0.007*""year"" + 0.007*""people"" + 0.007*""covidvaccine"" + 0.006*""pfizer"" + 0.006*""appointment"" + 0.006*""death"""
0,0,0,"0.094*""vaccine"" + 0.053*""covid"" + 0.012*""news"" + 0.008*""pfizer"" + 0.007*""trump"" + 0.007*""|"" + 0.007*""moderna"" + 0.007*""week"" + 0.006*""long"" + 0.006*""result"""
1,1,1,"0.113*""vaccine"" + 0.055*""covid"" + 0.019*""effective"" + 0.016*""pfizer"" + 0.012*""news"" + 0.012*""trump"" + 0.011*""moderna"" + 0.010*""people"" + 0.009*""coronavirus"" + 0.008*""good"""
2,2,2,"0.062*""vaccine"" + 0.035*""covid"" + 0.014*""effective"" + 0.013*""covidvaccine"" + 0.013*""pfizer"" + 0.010*""time"" + 0.008*""trump"" + 0.007*""amp"" + 0.007*""dose"" + 0.006*""covid19"""
3,3,3,"0.102*""vaccine"" + 0.059*""covid"" + 0.015*""amp"" + 0.012*""people"" + 0.011*""news"" + 0.010*""biden"" + 0.009*""flu"" + 0.009*""trump"" + 0.008*""pfizer"" + 0.007*""year"""
4,4,4,"0.098*""vaccine"" + 0.042*""covid"" + 0.040*""pfizer"" + 0.021*""effective"" + 0.011*""biontech"" + 0.009*""tri"" + 0.009*""news"" + 0.008*""people"" + 0.007*""coronavirus"" + 0.006*""month"""
5,5,5,"0.109*""vaccine"" + 0.033*""covid"" + 0.020*""pfizer"" + 0.017*""news"" + 0.015*""effective"" + 0.009*""day"" + 0.009*""covidvaccine"" + 0.008*""tri"" + 0.008*""result"" + 0.008*""new"""
6,6,6,"0.094*""vaccine"" + 0.033*""covid"" + 0.018*""effective"" + 0.015*""news"" + 0.013*""pfizer"" + 0.012*""covidvaccine"" + 0.010*""people"" + 0.009*""moderna"" + 0.008*""good"" + 0.008*""tri"""
7,7,7,"0.123*""vaccine"" + 0.058*""covid"" + 0.019*""pfizer"" + 0.012*""effective"" + 0.012*""news"" + 0.009*""year"" + 0.007*""world"" + 0.007*""candidate"" + 0.007*""time"" + 0.007*""people"""
0,0,0,"0.080*""vaccine"" + 0.024*""covid"" + 0.018*""amp"" + 0.014*""trump"" + 0.012*""immunity"" + 0.009*""plan"" + 0.008*""india"" + 0.007*""herd"" + 0.006*""johnson"" + 0.005*""people"""
1,1,1,"0.076*""vaccine"" + 0.040*""covid"" + 0.014*""trump"" + 0.007*""hope"" + 0.006*""country"" + 0.006*""new"" + 0.005*""plan"" + 0.004*""china"" + 0.004*""treatment"" + 0.004*""government"""
2,2,2,"0.086*""vaccine"" + 0.079*""covid"" + 0.021*""people"" + 0.014*""flu"" + 0.012*""trump"" + 0.010*""death"" + 0.007*""year"" + 0.007*""amp"" + 0.005*""time"" + 0.005*""president"""
3,3,3,"0.106*""vaccine"" + 0.047*""covid"" + 0.031*""flu"" + 0.011*""year"" + 0.009*""people"" + 0.007*""free"" + 0.007*""amp"" + 0.006*""shot"" + 0.005*""need"" + 0.005*""trump"""
4,4,4,"0.110*""vaccine"" + 0.052*""covid"" + 0.008*""new"" + 0.007*""covid19"" + 0.007*""good"" + 0.007*""tris"" + 0.007*""effective"" + 0.007*""time"" + 0.007*""safe"" + 0.007*""people"""
5,5,5,"0.102*""vaccine"" + 0.053*""covid"" + 0.012*""free"" + 0.011*""people"" + 0.009*""trump"" + 0.009*""virus"" + 0.009*""covid19"" + 0.008*""available"" + 0.008*""amp"" + 0.007*""safe"""
6,6,6,"0.088*""vaccine"" + 0.048*""covid"" + 0.014*""need"" + 0.009*""free"" + 0.008*""help"" + 0.007*""world"" + 0.006*""state"" + 0.006*""people"" + 0.006*""way"" + 0.005*""flu"""
7,7,7,"0.113*""vaccine"" + 0.028*""covid"" + 0.015*""amp"" + 0.010*""year"" + 0.008*""news"" + 0.007*""available"" + 0.007*""trump"" + 0.006*""tri"" + 0.006*""tris"" + 0.005*""flu"""
0,0,0,"0.104*""vaccine"" + 0.013*""covid"" + 0.012*""safe"" + 0.011*""covid19"" + 0.009*""trump"" + 0.008*""development"" + 0.008*""amp"" + 0.008*""coronavirus"" + 0.008*""tri"" + 0.007*""effective"""
1,1,1,"0.085*""vaccine"" + 0.056*""covid"" + 0.013*""news"" + 0.010*""flu"" + 0.010*""virus"" + 0.008*""good"" + 0.007*""shot"" + 0.006*""amp"" + 0.006*""work"" + 0.005*""death"""
2,2,2,"0.106*""vaccine"" + 0.027*""covid"" + 0.016*""tris"" + 0.010*""johnson"" + 0.009*""amp"" + 0.007*""tri"" + 0.007*""|"" + 0.006*""covid19"" + 0.006*""safe"" + 0.006*""astrazeneca"""
3,3,3,"0.108*""vaccine"" + 0.024*""covid"" + 0.015*""phase"" + 0.012*""tris"" + 0.011*""tri"" + 0.009*""covid19"" + 0.008*""clinic"" + 0.007*""safe"" + 0.006*""month"" + 0.006*""candidate"""
4,4,4,"0.115*""vaccine"" + 0.055*""covid"" + 0.008*""new"" + 0.007*""flu"" + 0.007*""tris"" + 0.007*""available"" + 0.007*""year"" + 0.006*""amp"" + 0.006*""trump"" + 0.005*""people"""
5,5,5,"0.114*""vaccine"" + 0.055*""covid"" + 0.015*""people"" + 0.013*""flu"" + 0.012*""trump"" + 0.010*""year"" + 0.009*""need"" + 0.008*""amp"" + 0.006*""mask"" + 0.006*""tri"""
6,6,6,"0.086*""vaccine"" + 0.026*""covid"" + 0.017*""flu"" + 0.016*""amp"" + 0.007*""tris"" + 0.007*""work"" + 0.006*""risk"" + 0.006*""clinic"" + 0.006*""tri"" + 0.006*""distribution"""
7,7,7,"0.101*""vaccine"" + 0.067*""covid"" + 0.011*""safe"" + 0.011*""trump"" + 0.010*""people"" + 0.008*""effective"" + 0.007*""need"" + 0.007*""amp"" + 0.006*""time"" + 0.006*""flu"""
0,0,0,"0.085*""vaccine"" + 0.063*""covid"" + 0.010*""vaccination"" + 0.009*""need"" + 0.008*""mask"" + 0.008*""help"" + 0.008*""people"" + 0.007*""amp"" + 0.006*""death"" + 0.005*""time"""
1,1,1,"0.094*""vaccine"" + 0.079*""covid"" + 0.019*""people"" + 0.012*""amp"" + 0.009*""vaccinated"" + 0.006*""kid"" + 0.006*""shot"" + 0.006*""need"" + 0.006*""death"" + 0.005*""work"""
2,2,2,"0.097*""vaccine"" + 0.070*""covid"" + 0.024*""people"" + 0.016*""vaccinated"" + 0.008*""death"" + 0.008*""year"" + 0.008*""amp"" + 0.007*""work"" + 0.007*""safe"" + 0.005*""good"""
3,3,3,"0.117*""vaccine"" + 0.068*""covid"" + 0.014*""vaccinated"" + 0.014*""people"" + 0.009*""risk"" + 0.007*""long"" + 0.006*""shot"" + 0.006*""child"" + 0.006*""amp"" + 0.005*""time"""
4,4,4,"0.090*""vaccine"" + 0.065*""covid"" + 0.027*""people"" + 0.014*""vaccinated"" + 0.008*""hospit"" + 0.008*""amp"" + 0.006*""life"" + 0.006*""chance"" + 0.005*""point"" + 0.005*""issue"""
5,5,5,"0.077*""vaccine"" + 0.060*""covid"" + 0.014*""vaccinated"" + 0.011*""people"" + 0.011*""mask"" + 0.010*""death"" + 0.008*""unvaccinated"" + 0.007*""today"" + 0.007*""likely"" + 0.007*""risk"""
6,6,6,"0.087*""vaccine"" + 0.048*""covid"" + 0.018*""death"" + 0.012*""year"" + 0.012*""people"" + 0.010*""effective"" + 0.007*""risk"" + 0.007*""vaccinated"" + 0.006*""infection"" + 0.006*""flu"""
7,7,7,"0.079*""vaccine"" + 0.045*""covid"" + 0.016*""people"" + 0.010*""virus"" + 0.010*""immunity"" + 0.009*""need"" + 0.008*""vaccination"" + 0.007*""mask"" + 0.007*""effective"" + 0.006*""amp"""
