,Topic,Words and probability
0,0,"0.075*""vaccine"" + 0.024*""covid"" + 0.013*""dose"" + 0.012*""covidvaccine"" + 0.011*""week"" + 0.008*""resident"" + 0.007*""people"" + 0.007*""old"" + 0.007*""clinic"" + 0.007*""amp"""
1,1,"0.100*""vaccine"" + 0.038*""covid"" + 0.009*""dose"" + 0.009*""today"" + 0.008*""day"" + 0.007*""help"" + 0.007*""news"" + 0.007*""good"" + 0.007*""covidvaccine"" + 0.006*""pfizer"""
2,2,"0.122*""vaccine"" + 0.065*""covid"" + 0.016*""people"" + 0.010*""amp"" + 0.006*""today"" + 0.005*""day"" + 0.005*""county"" + 0.005*""need"" + 0.005*""shot"" + 0.005*""death"""
3,3,"0.046*""vaccine"" + 0.033*""covidvaccine"" + 0.019*""covid"" + 0.011*""amp"" + 0.011*""today"" + 0.011*""shot"" + 0.007*""tri"" + 0.006*""virus"" + 0.006*""week"" + 0.005*""question"""
4,4,"0.051*""vaccine"" + 0.030*""covidvaccine"" + 0.025*""covid"" + 0.015*""amp"" + 0.009*""vaccination"" + 0.009*""year"" + 0.007*""need"" + 0.006*""number"" + 0.006*""people"" + 0.005*""today"""
5,5,"0.102*""vaccine"" + 0.057*""covid"" + 0.011*""today"" + 0.011*""covidvaccine"" + 0.009*""amp"" + 0.008*""vaccination"" + 0.008*""appointment"" + 0.008*""week"" + 0.007*""covid19"" + 0.007*""people"""
6,6,"0.102*""vaccine"" + 0.059*""covid"" + 0.009*""amp"" + 0.009*""good"" + 0.007*""new"" + 0.007*""need"" + 0.007*""people"" + 0.006*""year"" + 0.006*""covidvaccine"" + 0.006*""news"""
7,7,"0.075*""vaccine"" + 0.040*""covid"" + 0.020*""covidvaccine"" + 0.012*""people"" + 0.009*""vaccination"" + 0.009*""amp"" + 0.007*""vaccinated"" + 0.007*""today"" + 0.006*""community"" + 0.006*""free"""
