,Topic,Words and probability
0,0,"0.214*""|"" + 0.076*""poster"" + 0.075*""presentation"" + 0.042*""opportunity"" + 0.042*""l"" + 0.041*""research"" + 0.041*""e"" + 0.041*""immunologyconference"" + 0.040*""inflammation"" + 0.040*""video"""
1,1,"0.023*""vaccine"" + 0.023*""immunology"" + 0.023*""|"" + 0.023*""rome"" + 0.023*""immunity"" + 0.023*""ity"" + 0.023*""immunotherapy"" + 0.023*""immunochemistry"" + 0.023*""amp"" + 0.023*""immunesystem"""
2,2,"0.061*""vaccine"" + 0.057*""|"" + 0.050*""immunology"" + 0.050*""immunity"" + 0.050*""virology"" + 0.050*""pathologic"" + 0.050*""immunochemistryconferences.comdiabe"" + 0.050*""immunochemistry"" + 0.050*""vaccineswork"" + 0.050*""date"""
3,3,"0.023*""immunology"" + 0.023*""vaccine"" + 0.023*""|"" + 0.023*""ity"" + 0.023*""rome"" + 0.023*""immunochemistry"" + 0.023*""immunity"" + 0.023*""immunotherapy"" + 0.023*""poster"" + 0.023*""bookmark"""
4,4,"0.106*""vaccine"" + 0.057*""ity"" + 0.056*""foodsafy"" + 0.056*""rome"" + 0.056*""immunity"" + 0.055*""upcoming"" + 0.054*""expert"" + 0.054*""pathology"" + 0.054*""immunology"" + 0.052*""immunochemistry"""
5,5,"0.023*""vaccine"" + 0.023*""immunology"" + 0.023*""|"" + 0.023*""rome"" + 0.023*""immunity"" + 0.023*""ity"" + 0.023*""immunotherapy"" + 0.023*""immunochemistry"" + 0.023*""poster"" + 0.023*""date"""
6,6,"0.023*""vaccine"" + 0.023*""immunology"" + 0.023*""|"" + 0.023*""ity"" + 0.023*""rome"" + 0.023*""immunochemistry"" + 0.023*""immunity"" + 0.023*""amp"" + 0.023*""immunotherapy"" + 0.023*""poster"""
7,7,"0.099*""immunology"" + 0.067*""vaccine"" + 0.057*""rome"" + 0.057*""ity"" + 0.045*""immunotherapy"" + 0.045*""book"" + 0.045*""scientificresearcher"" + 0.045*""heamatology"" + 0.045*""doctor"" + 0.045*""microbiology"""
