,Topic,Words and probability
0,0,"0.106*""vaccine"" + 0.035*""covid"" + 0.012*""covidvaccine"" + 0.011*""people"" + 0.009*""vaccination"" + 0.008*""need"" + 0.007*""today"" + 0.007*""new"" + 0.006*""effect"" + 0.005*""week"""
1,1,"0.118*""vaccine"" + 0.056*""covid"" + 0.013*""people"" + 0.010*""today"" + 0.009*""covidvaccine"" + 0.007*""covid19"" + 0.007*""india"" + 0.007*""year"" + 0.007*""day"" + 0.007*""amp"""
2,2,"0.067*""vaccine"" + 0.030*""covid"" + 0.026*""amp"" + 0.019*""covidvaccine"" + 0.010*""year"" + 0.008*""people"" + 0.006*""new"" + 0.006*""thank"" + 0.006*""virus"" + 0.005*""risk"""
3,3,"0.088*""vaccine"" + 0.037*""covid"" + 0.016*""amp"" + 0.009*""need"" + 0.009*""new"" + 0.007*""covidvaccine"" + 0.006*""people"" + 0.005*""use"" + 0.005*""time"" + 0.005*""week"""
4,4,"0.079*""vaccine"" + 0.058*""covid"" + 0.014*""amp"" + 0.012*""today"" + 0.010*""good"" + 0.009*""day"" + 0.008*""people"" + 0.008*""new"" + 0.006*""work"" + 0.006*""year"""
5,5,"0.093*""vaccine"" + 0.073*""covid"" + 0.019*""covidvaccine"" + 0.008*""need"" + 0.007*""today"" + 0.007*""india"" + 0.007*""work"" + 0.007*""good"" + 0.007*""shot"" + 0.007*""week"""
6,6,"0.085*""vaccine"" + 0.051*""covid"" + 0.015*""covidvaccine"" + 0.014*""people"" + 0.009*""day"" + 0.008*""time"" + 0.007*""worker"" + 0.007*""vaccination"" + 0.006*""week"" + 0.006*""need"""
7,7,"0.111*""vaccine"" + 0.068*""covid"" + 0.007*""state"" + 0.007*""vaccination"" + 0.006*""available"" + 0.006*""covidvaccine"" + 0.006*""amp"" + 0.006*""today"" + 0.006*""dose"" + 0.005*""people"""
