,Topic,Words and probability
0,0,"0.080*""vaccine"" + 0.052*""covid"" + 0.024*""people"" + 0.008*""work"" + 0.007*""vaccinated"" + 0.006*""good"" + 0.006*""available"" + 0.006*""system"" + 0.006*""case"" + 0.006*""infection"""
1,1,"0.116*""vaccine"" + 0.078*""covid"" + 0.020*""people"" + 0.011*""death"" + 0.008*""vaccinated"" + 0.007*""effect"" + 0.006*""kid"" + 0.006*""new"" + 0.005*""work"" + 0.005*""booster"""
2,2,"0.084*""vaccine"" + 0.058*""covid"" + 0.024*""people"" + 0.017*""vaccinated"" + 0.012*""amp"" + 0.008*""good"" + 0.007*""anti"" + 0.007*""vaccination"" + 0.006*""pfizer"" + 0.006*""unvaccinated"""
3,3,"0.090*""vaccine"" + 0.051*""covid"" + 0.013*""flu"" + 0.010*""booster"" + 0.010*""vaccination"" + 0.009*""school"" + 0.009*""risk"" + 0.009*""death"" + 0.008*""vaccinated"" + 0.007*""people"""
4,4,"0.090*""vaccine"" + 0.055*""covid"" + 0.017*""booster"" + 0.009*""people"" + 0.008*""case"" + 0.007*""vaccinated"" + 0.007*""amp"" + 0.007*""year"" + 0.006*""need"" + 0.006*""available"""
5,5,"0.093*""vaccine"" + 0.071*""covid"" + 0.018*""people"" + 0.015*""vaccinated"" + 0.015*""amp"" + 0.011*""shot"" + 0.009*""flu"" + 0.008*""year"" + 0.007*""death"" + 0.007*""risk"""
6,6,"0.097*""vaccine"" + 0.048*""covid"" + 0.011*""vaccinated"" + 0.010*""people"" + 0.009*""amp"" + 0.007*""immunity"" + 0.007*""child"" + 0.006*""work"" + 0.006*""shot"" + 0.006*""day"""
7,7,"0.107*""vaccine"" + 0.078*""covid"" + 0.012*""people"" + 0.009*""risk"" + 0.009*""safe"" + 0.008*""vaccinated"" + 0.008*""death"" + 0.007*""time"" + 0.007*""effective"" + 0.007*""child"""
