,Topic,Words and probability
0,0,"0.088*""vaccine"" + 0.057*""covid"" + 0.018*""shot"" + 0.011*""covidvaccine"" + 0.011*""amp"" + 0.010*""today"" + 0.009*""new"" + 0.007*""moderna"" + 0.006*""covid19"" + 0.006*""vaccination"""
1,1,"0.121*""vaccine"" + 0.085*""covid"" + 0.016*""people"" + 0.010*""amp"" + 0.010*""today"" + 0.007*""need"" + 0.007*""year"" + 0.006*""dose"" + 0.006*""risk"" + 0.006*""eligible"""
2,2,"0.070*""vaccine"" + 0.053*""covid"" + 0.021*""people"" + 0.016*""vaccinated"" + 0.015*""covidvaccine"" + 0.014*""amp"" + 0.009*""covid19"" + 0.008*""help"" + 0.005*""shot"" + 0.005*""good"""
3,3,"0.089*""vaccine"" + 0.056*""covid"" + 0.018*""covidvaccine"" + 0.015*""vaccinated"" + 0.010*""day"" + 0.009*""shot"" + 0.008*""people"" + 0.008*""week"" + 0.007*""appointment"" + 0.007*""today"""
4,4,"0.102*""vaccine"" + 0.040*""covid"" + 0.013*""appointment"" + 0.013*""day"" + 0.012*""today"" + 0.009*""eligible"" + 0.009*""week"" + 0.007*""covidvaccine"" + 0.006*""people"" + 0.006*""way"""
5,5,"0.075*""vaccine"" + 0.032*""covid"" + 0.022*""covidvaccine"" + 0.020*""people"" + 0.013*""good"" + 0.009*""today"" + 0.008*""pfizer"" + 0.008*""moderna"" + 0.008*""day"" + 0.007*""amp"""
6,6,"0.104*""vaccine"" + 0.036*""covid"" + 0.010*""appointment"" + 0.010*""vaccination"" + 0.009*""today"" + 0.008*""covidvaccine"" + 0.008*""available"" + 0.008*""people"" + 0.008*""shot"" + 0.008*""risk"""
7,7,"0.106*""vaccine"" + 0.070*""covid"" + 0.012*""shot"" + 0.010*""amp"" + 0.008*""johnson"" + 0.008*""vaccination"" + 0.007*""appointment"" + 0.007*""vaccinated"" + 0.007*""work"" + 0.006*""long"""
