,Topic,Words and probability
0,0,"0.085*""vaccine"" + 0.063*""covid"" + 0.010*""vaccination"" + 0.009*""need"" + 0.008*""mask"" + 0.008*""help"" + 0.008*""people"" + 0.007*""amp"" + 0.006*""death"" + 0.005*""time"""
1,1,"0.094*""vaccine"" + 0.079*""covid"" + 0.019*""people"" + 0.012*""amp"" + 0.009*""vaccinated"" + 0.006*""kid"" + 0.006*""shot"" + 0.006*""need"" + 0.006*""death"" + 0.005*""work"""
2,2,"0.097*""vaccine"" + 0.070*""covid"" + 0.024*""people"" + 0.016*""vaccinated"" + 0.008*""death"" + 0.008*""year"" + 0.008*""amp"" + 0.007*""work"" + 0.007*""safe"" + 0.005*""good"""
3,3,"0.117*""vaccine"" + 0.068*""covid"" + 0.014*""vaccinated"" + 0.014*""people"" + 0.009*""risk"" + 0.007*""long"" + 0.006*""shot"" + 0.006*""child"" + 0.006*""amp"" + 0.005*""time"""
4,4,"0.090*""vaccine"" + 0.065*""covid"" + 0.027*""people"" + 0.014*""vaccinated"" + 0.008*""hospit"" + 0.008*""amp"" + 0.006*""life"" + 0.006*""chance"" + 0.005*""point"" + 0.005*""issue"""
5,5,"0.077*""vaccine"" + 0.060*""covid"" + 0.014*""vaccinated"" + 0.011*""people"" + 0.011*""mask"" + 0.010*""death"" + 0.008*""unvaccinated"" + 0.007*""today"" + 0.007*""likely"" + 0.007*""risk"""
6,6,"0.087*""vaccine"" + 0.048*""covid"" + 0.018*""death"" + 0.012*""year"" + 0.012*""people"" + 0.010*""effective"" + 0.007*""risk"" + 0.007*""vaccinated"" + 0.006*""infection"" + 0.006*""flu"""
7,7,"0.079*""vaccine"" + 0.045*""covid"" + 0.016*""people"" + 0.010*""virus"" + 0.010*""immunity"" + 0.009*""need"" + 0.008*""vaccination"" + 0.007*""mask"" + 0.007*""effective"" + 0.006*""amp"""
