,Topic,Words and probability
0,0,"0.091*""vaccine"" + 0.067*""covid"" + 0.015*""vaccinated"" + 0.014*""amp"" + 0.012*""death"" + 0.011*""work"" + 0.009*""people"" + 0.007*""variant"" + 0.007*""case"" + 0.006*""omicron"""
1,1,"0.082*""vaccine"" + 0.064*""covid"" + 0.023*""booster"" + 0.011*""covidvaccine"" + 0.010*""shot"" + 0.009*""people"" + 0.007*""today"" + 0.007*""amp"" + 0.007*""clinic"" + 0.007*""vaccination"""
2,2,"0.097*""vaccine"" + 0.061*""covid"" + 0.037*""people"" + 0.013*""vaccinated"" + 0.008*""amp"" + 0.007*""risk"" + 0.006*""booster"" + 0.006*""work"" + 0.006*""day"" + 0.006*""infection"""
3,3,"0.095*""vaccine"" + 0.063*""covid"" + 0.011*""death"" + 0.010*""year"" + 0.009*""people"" + 0.009*""mask"" + 0.007*""kid"" + 0.007*""amp"" + 0.006*""booster"" + 0.006*""vaccination"""
4,4,"0.104*""vaccine"" + 0.081*""covid"" + 0.011*""amp"" + 0.011*""risk"" + 0.010*""death"" + 0.007*""people"" + 0.006*""vaccination"" + 0.006*""bad"" + 0.006*""need"" + 0.006*""child"""
5,5,"0.094*""vaccine"" + 0.084*""covid"" + 0.018*""people"" + 0.011*""vaccinated"" + 0.010*""year"" + 0.008*""time"" + 0.006*""mask"" + 0.006*""new"" + 0.006*""long"" + 0.006*""thing"""
6,6,"0.081*""vaccine"" + 0.049*""covid"" + 0.016*""vaccinated"" + 0.011*""amp"" + 0.010*""booster"" + 0.009*""pfizer"" + 0.008*""life"" + 0.008*""child"" + 0.007*""people"" + 0.007*""year"""
7,7,"0.096*""vaccine"" + 0.076*""covid"" + 0.021*""booster"" + 0.014*""vaccinated"" + 0.011*""people"" + 0.009*""long"" + 0.007*""available"" + 0.007*""death"" + 0.007*""child"" + 0.007*""year"""
