,Topic,Words and probability
0,0,"0.066*""vaccine"" + 0.027*""covid"" + 0.018*""vaccinated"" + 0.014*""vaccination"" + 0.013*""death"" + 0.012*""people"" + 0.012*""amp"" + 0.011*""covidvaccine"" + 0.009*""good"" + 0.008*""variant"""
1,1,"0.081*""vaccine"" + 0.040*""covid"" + 0.029*""vaccinated"" + 0.021*""people"" + 0.012*""case"" + 0.010*""shot"" + 0.009*""vaccination"" + 0.009*""free"" + 0.008*""covidvaccine"" + 0.007*""today"""
2,2,"0.091*""vaccine"" + 0.058*""covid"" + 0.015*""people"" + 0.014*""shot"" + 0.012*""pfizer"" + 0.011*""mask"" + 0.011*""death"" + 0.009*""risk"" + 0.006*""amp"" + 0.006*""need"""
3,3,"0.067*""vaccine"" + 0.048*""covid"" + 0.024*""people"" + 0.012*""covidvaccine"" + 0.008*""vaccination"" + 0.007*""year"" + 0.006*""day"" + 0.006*""vaccinated"" + 0.006*""new"" + 0.006*""long"""
4,4,"0.098*""vaccine"" + 0.063*""covid"" + 0.018*""people"" + 0.012*""vaccinated"" + 0.010*""death"" + 0.010*""good"" + 0.009*""effect"" + 0.007*""day"" + 0.006*""long"" + 0.006*""unvaccinated"""
5,5,"0.073*""vaccine"" + 0.053*""covid"" + 0.030*""vaccinated"" + 0.017*""amp"" + 0.012*""people"" + 0.010*""covidvaccine"" + 0.008*""spread"" + 0.007*""vaccination"" + 0.007*""mask"" + 0.006*""death"""
6,6,"0.103*""vaccine"" + 0.063*""covid"" + 0.021*""amp"" + 0.017*""people"" + 0.013*""risk"" + 0.010*""vaccinated"" + 0.008*""child"" + 0.006*""effect"" + 0.006*""dose"" + 0.006*""safe"""
7,7,"0.116*""vaccine"" + 0.088*""covid"" + 0.018*""people"" + 0.009*""vaccinated"" + 0.006*""year"" + 0.006*""anti"" + 0.006*""life"" + 0.006*""long"" + 0.005*""mask"" + 0.005*""death"""
