,Topic,Words and probability
0,0,"0.074*""vaccine"" + 0.045*""covid"" + 0.018*""good"" + 0.010*""omicron"" + 0.010*""booster"" + 0.009*""new"" + 0.008*""news"" + 0.007*""shot"" + 0.007*""case"" + 0.006*""child"""
1,1,"0.063*""vaccine"" + 0.027*""covid"" + 0.020*""booster"" + 0.018*""covidvaccine"" + 0.010*""omicron"" + 0.009*""work"" + 0.009*""pfizer"" + 0.008*""covid19"" + 0.008*""year"" + 0.008*""dose"""
2,2,"0.102*""vaccine"" + 0.072*""covid"" + 0.023*""people"" + 0.011*""booster"" + 0.009*""work"" + 0.009*""shot"" + 0.008*""year"" + 0.008*""death"" + 0.007*""amp"" + 0.006*""vaccinated"""
3,3,"0.074*""vaccine"" + 0.050*""covid"" + 0.019*""booster"" + 0.012*""people"" + 0.011*""need"" + 0.009*""dose"" + 0.009*""risk"" + 0.008*""vaccination"" + 0.008*""case"" + 0.008*""pfizer"""
4,4,"0.093*""vaccine"" + 0.076*""covid"" + 0.019*""people"" + 0.016*""booster"" + 0.011*""death"" + 0.009*""vaccinated"" + 0.007*""need"" + 0.007*""child"" + 0.006*""risk"" + 0.005*""high"""
5,5,"0.096*""vaccine"" + 0.060*""covid"" + 0.016*""amp"" + 0.014*""year"" + 0.013*""people"" + 0.009*""vaccination"" + 0.009*""vaccinated"" + 0.008*""death"" + 0.007*""booster"" + 0.007*""omicron"""
6,6,"0.090*""vaccine"" + 0.058*""covid"" + 0.016*""booster"" + 0.011*""people"" + 0.010*""vaccinated"" + 0.007*""amp"" + 0.007*""shot"" + 0.006*""flu"" + 0.006*""year"" + 0.006*""good"""
7,7,"0.111*""vaccine"" + 0.081*""covid"" + 0.017*""people"" + 0.014*""vaccinated"" + 0.009*""booster"" + 0.008*""amp"" + 0.008*""time"" + 0.007*""shot"" + 0.007*""flu"" + 0.006*""death"""
