,Topic,Words and probability
0,0,"0.107*""vaccine"" + 0.050*""covid"" + 0.012*""coronavirus"" + 0.010*""test"" + 0.009*""virus"" + 0.009*""treatment"" + 0.008*""flu"" + 0.007*""people"" + 0.007*""world"" + 0.007*""cure"""
1,1,"0.103*""vaccine"" + 0.013*""amp"" + 0.012*""people"" + 0.011*""coronavirus"" + 0.010*""covid"" + 0.009*""hope"" + 0.009*""virus"" + 0.009*""time"" + 0.009*""development"" + 0.008*""scientist"""
2,2,"0.088*""vaccine"" + 0.027*""covid"" + 0.020*""coronavirus"" + 0.018*""flu"" + 0.014*""year"" + 0.010*""amp"" + 0.009*""people"" + 0.008*""month"" + 0.007*""good"" + 0.007*""treatment"""
3,3,"0.114*""vaccine"" + 0.016*""coronavirus"" + 0.016*""covid"" + 0.011*""virus"" + 0.010*""covid19"" + 0.009*""treatment"" + 0.009*""research"" + 0.008*""clinic"" + 0.008*""flu"" + 0.008*""news"""
4,4,"0.088*""vaccine"" + 0.025*""coronavirus"" + 0.017*""virus"" + 0.009*""prevent"" + 0.008*""good"" + 0.008*""china"" + 0.008*""people"" + 0.008*""covid"" + 0.008*""university"" + 0.007*""way"""
5,5,"0.096*""vaccine"" + 0.027*""covid"" + 0.011*""new"" + 0.010*""available"" + 0.008*""people"" + 0.008*""world"" + 0.007*""time"" + 0.007*""tris"" + 0.007*""month"" + 0.007*""pneumonia"""
6,6,"0.081*""vaccine"" + 0.030*""flu"" + 0.019*""covid"" + 0.018*""virus"" + 0.013*""work"" + 0.011*""amp"" + 0.008*""research"" + 0.007*""good"" + 0.007*""help"" + 0.007*""new"""
7,7,"0.091*""vaccine"" + 0.021*""covid"" + 0.014*""treatment"" + 0.012*""coronavirus"" + 0.010*""amp"" + 0.008*""need"" + 0.007*""people"" + 0.007*""research"" + 0.007*""available"" + 0.006*""cure"""
