,Topic,Words and probability
0,0,"0.068*""vaccine"" + 0.018*""covid"" + 0.015*""tri"" + 0.008*""treatment"" + 0.008*""need"" + 0.007*""people"" + 0.007*""coronavirus"" + 0.007*""hope"" + 0.007*""development"" + 0.007*""clinic"""
1,1,"0.087*""vaccine"" + 0.022*""covid"" + 0.009*""amp"" + 0.009*""work"" + 0.008*""world"" + 0.008*""race"" + 0.006*""glob"" + 0.006*""available"" + 0.006*""antibody"" + 0.005*""treatment"""
2,2,"0.107*""vaccine"" + 0.035*""covid"" + 0.012*""people"" + 0.008*""world"" + 0.008*""tris"" + 0.007*""year"" + 0.007*""virus"" + 0.007*""flu"" + 0.006*""potenti"" + 0.006*""time"""
3,3,"0.077*""vaccine"" + 0.028*""covid"" + 0.010*""coronavirus"" + 0.009*""virus"" + 0.008*""amp"" + 0.007*""available"" + 0.007*""time"" + 0.006*""covid19"" + 0.006*""tri"" + 0.006*""development"""
4,4,"0.085*""vaccine"" + 0.057*""covid"" + 0.018*""amp"" + 0.013*""people"" + 0.011*""year"" + 0.010*""flu"" + 0.007*""pandemic"" + 0.007*""virus"" + 0.007*""life"" + 0.006*""good"""
5,5,"0.108*""vaccine"" + 0.049*""covid"" + 0.012*""covid19"" + 0.010*""coronavirus"" + 0.008*""treatment"" + 0.008*""news"" + 0.007*""development"" + 0.007*""amp"" + 0.006*""research"" + 0.006*""good"""
6,6,"0.077*""vaccine"" + 0.043*""covid"" + 0.017*""people"" + 0.010*""death"" + 0.006*""end"" + 0.006*""need"" + 0.006*""coronavirus"" + 0.006*""good"" + 0.006*""flu"" + 0.005*""disease"""
7,7,"0.127*""vaccine"" + 0.017*""covid"" + 0.010*""coronavirus"" + 0.009*""need"" + 0.009*""news"" + 0.008*""world"" + 0.007*""development"" + 0.007*""tri"" + 0.007*""human"" + 0.007*""people"""
