,Topic,Words and probability
0,0,"0.103*""vaccine"" + 0.079*""covid"" + 0.010*""vaccinated"" + 0.009*""people"" + 0.008*""need"" + 0.007*""effect"" + 0.007*""amp"" + 0.006*""appointment"" + 0.006*""shot"" + 0.005*""good"""
1,1,"0.096*""vaccine"" + 0.056*""covid"" + 0.019*""people"" + 0.009*""amp"" + 0.009*""country"" + 0.009*""dose"" + 0.007*""covidvaccine"" + 0.006*""vaccinated"" + 0.006*""india"" + 0.006*""vaccination"""
2,2,"0.096*""vaccine"" + 0.067*""covid"" + 0.018*""people"" + 0.014*""vaccination"" + 0.013*""today"" + 0.010*""vaccinated"" + 0.008*""covidvaccine"" + 0.007*""amp"" + 0.007*""day"" + 0.006*""india"""
3,3,"0.094*""vaccine"" + 0.050*""covid"" + 0.014*""india"" + 0.013*""pfizer"" + 0.011*""amp"" + 0.011*""vaccination"" + 0.010*""people"" + 0.009*""year"" + 0.008*""covidvaccine"" + 0.006*""week"""
4,4,"0.102*""vaccine"" + 0.034*""covid"" + 0.015*""covidvaccine"" + 0.009*""vaccinated"" + 0.009*""appointment"" + 0.008*""pfizer"" + 0.007*""vaccination"" + 0.007*""covid19"" + 0.006*""help"" + 0.006*""today"""
5,5,"0.099*""vaccine"" + 0.053*""covid"" + 0.017*""vaccinated"" + 0.016*""people"" + 0.011*""death"" + 0.009*""mask"" + 0.007*""time"" + 0.006*""free"" + 0.006*""new"" + 0.006*""today"""
6,6,"0.094*""vaccine"" + 0.045*""covid"" + 0.015*""shot"" + 0.013*""amp"" + 0.013*""covidvaccine"" + 0.008*""today"" + 0.008*""good"" + 0.008*""risk"" + 0.008*""people"" + 0.007*""pfizer"""
7,7,"0.102*""vaccine"" + 0.065*""covid"" + 0.011*""day"" + 0.008*""vaccinated"" + 0.007*""year"" + 0.007*""people"" + 0.007*""covidvaccine"" + 0.006*""pfizer"" + 0.006*""appointment"" + 0.006*""death"""
