,Topic,Words and probability
0,0,"0.094*""vaccine"" + 0.053*""covid"" + 0.012*""news"" + 0.008*""pfizer"" + 0.007*""trump"" + 0.007*""|"" + 0.007*""moderna"" + 0.007*""week"" + 0.006*""long"" + 0.006*""result"""
1,1,"0.113*""vaccine"" + 0.055*""covid"" + 0.019*""effective"" + 0.016*""pfizer"" + 0.012*""news"" + 0.012*""trump"" + 0.011*""moderna"" + 0.010*""people"" + 0.009*""coronavirus"" + 0.008*""good"""
2,2,"0.062*""vaccine"" + 0.035*""covid"" + 0.014*""effective"" + 0.013*""covidvaccine"" + 0.013*""pfizer"" + 0.010*""time"" + 0.008*""trump"" + 0.007*""amp"" + 0.007*""dose"" + 0.006*""covid19"""
3,3,"0.102*""vaccine"" + 0.059*""covid"" + 0.015*""amp"" + 0.012*""people"" + 0.011*""news"" + 0.010*""biden"" + 0.009*""flu"" + 0.009*""trump"" + 0.008*""pfizer"" + 0.007*""year"""
4,4,"0.098*""vaccine"" + 0.042*""covid"" + 0.040*""pfizer"" + 0.021*""effective"" + 0.011*""biontech"" + 0.009*""tri"" + 0.009*""news"" + 0.008*""people"" + 0.007*""coronavirus"" + 0.006*""month"""
5,5,"0.109*""vaccine"" + 0.033*""covid"" + 0.020*""pfizer"" + 0.017*""news"" + 0.015*""effective"" + 0.009*""day"" + 0.009*""covidvaccine"" + 0.008*""tri"" + 0.008*""result"" + 0.008*""new"""
6,6,"0.094*""vaccine"" + 0.033*""covid"" + 0.018*""effective"" + 0.015*""news"" + 0.013*""pfizer"" + 0.012*""covidvaccine"" + 0.010*""people"" + 0.009*""moderna"" + 0.008*""good"" + 0.008*""tri"""
7,7,"0.123*""vaccine"" + 0.058*""covid"" + 0.019*""pfizer"" + 0.012*""effective"" + 0.012*""news"" + 0.009*""year"" + 0.007*""world"" + 0.007*""candidate"" + 0.007*""time"" + 0.007*""people"""
