,Topic,Words and probability
0,0,"0.124*""vaccine"" + 0.077*""covid"" + 0.013*""news"" + 0.008*""new"" + 0.007*""uk"" + 0.007*""pfizer"" + 0.006*""covid19"" + 0.006*""people"" + 0.006*""trump"" + 0.006*""world"""
1,1,"0.096*""vaccine"" + 0.035*""covid"" + 0.015*""pfizer"" + 0.013*""covidvaccine"" + 0.013*""uk"" + 0.012*""year"" + 0.011*""amp"" + 0.007*""covid19"" + 0.007*""people"" + 0.007*""world"""
2,2,"0.088*""vaccine"" + 0.033*""covid"" + 0.015*""covidvaccine"" + 0.013*""covid19"" + 0.009*""pfizer"" + 0.008*""dose"" + 0.007*""need"" + 0.007*""week"" + 0.006*""amp"" + 0.006*""public"""
3,3,"0.093*""vaccine"" + 0.044*""covid"" + 0.019*""pfizer"" + 0.009*""risk"" + 0.009*""biontech"" + 0.008*""year"" + 0.007*""people"" + 0.006*""president"" + 0.006*""use"" + 0.005*""public"""
4,4,"0.118*""vaccine"" + 0.049*""covid"" + 0.019*""people"" + 0.015*""pfizer"" + 0.011*""work"" + 0.010*""covidvaccine"" + 0.008*""need"" + 0.005*""amp"" + 0.005*""month"" + 0.005*""available"""
5,5,"0.101*""vaccine"" + 0.062*""covid"" + 0.012*""covidvaccine"" + 0.012*""week"" + 0.010*""people"" + 0.009*""year"" + 0.009*""day"" + 0.009*""worry"" + 0.008*""need"" + 0.006*""patient"""
6,6,"0.116*""vaccine"" + 0.042*""covid"" + 0.012*""pfizer"" + 0.009*""today"" + 0.007*""week"" + 0.007*""worker"" + 0.006*""covidvaccine"" + 0.006*""thank"" + 0.006*""long"" + 0.006*""need"""
7,7,"0.093*""vaccine"" + 0.062*""covid"" + 0.019*""amp"" + 0.019*""people"" + 0.012*""covidvaccine"" + 0.009*""today"" + 0.007*""pfizer"" + 0.007*""good"" + 0.006*""day"" + 0.005*""time"""
