,Topic,Words and probability
0,0,"0.105*""vaccine"" + 0.058*""covid"" + 0.014*""amp"" + 0.013*""people"" + 0.009*""covidvaccine"" + 0.009*""appointment"" + 0.008*""vaccination"" + 0.008*""week"" + 0.008*""today"" + 0.006*""good"""
1,1,"0.107*""vaccine"" + 0.015*""covid"" + 0.011*""covidvaccine"" + 0.011*""today"" + 0.007*""india"" + 0.007*""amp"" + 0.007*""old"" + 0.007*""people"" + 0.006*""vaccinated"" + 0.006*""year"""
2,2,"0.082*""vaccine"" + 0.052*""covid"" + 0.017*""today"" + 0.015*""covidvaccine"" + 0.009*""covid19"" + 0.009*""shot"" + 0.008*""amp"" + 0.007*""year"" + 0.007*""time"" + 0.007*""death"""
3,3,"0.103*""vaccine"" + 0.029*""covid"" + 0.014*""people"" + 0.010*""covidvaccine"" + 0.009*""vaccinated"" + 0.008*""vaccination"" + 0.007*""covid19"" + 0.007*""amp"" + 0.006*""eligible"" + 0.006*""week"""
4,4,"0.098*""vaccine"" + 0.054*""covid"" + 0.014*""year"" + 0.012*""eligible"" + 0.009*""today"" + 0.008*""covidvaccine"" + 0.007*""people"" + 0.005*""variant"" + 0.004*""march"" + 0.004*""country"""
5,5,"0.112*""vaccine"" + 0.073*""covid"" + 0.013*""people"" + 0.008*""amp"" + 0.007*""covidvaccine"" + 0.007*""appointment"" + 0.006*""shot"" + 0.006*""thank"" + 0.006*""country"" + 0.006*""day"""
6,6,"0.100*""vaccine"" + 0.068*""covid"" + 0.009*""day"" + 0.008*""covidvaccine"" + 0.008*""effect"" + 0.008*""long"" + 0.007*""dose"" + 0.007*""appointment"" + 0.007*""new"" + 0.007*""week"""
7,7,"0.105*""vaccine"" + 0.059*""covid"" + 0.016*""johnson"" + 0.015*""amp"" + 0.015*""today"" + 0.014*""shot"" + 0.008*""covidvaccine"" + 0.008*""need"" + 0.007*""help"" + 0.006*""vaccinated"""
