,Topic,Words and probability
0,0,"0.101*""vaccine"" + 0.041*""covid"" + 0.014*""amp"" + 0.012*""covidvaccine"" + 0.010*""dose"" + 0.008*""safe"" + 0.007*""effective"" + 0.007*""need"" + 0.006*""case"" + 0.006*""vaccination"""
1,1,"0.097*""vaccine"" + 0.049*""covid"" + 0.018*""people"" + 0.010*""covidvaccine"" + 0.008*""time"" + 0.008*""vaccination"" + 0.007*""vaccinated"" + 0.007*""shot"" + 0.007*""new"" + 0.006*""dose"""
2,2,"0.095*""vaccine"" + 0.060*""covid"" + 0.009*""people"" + 0.006*""year"" + 0.006*""pfizer"" + 0.006*""clinic"" + 0.006*""need"" + 0.006*""today"" + 0.005*""hospit"" + 0.005*""shot"""
3,3,"0.099*""vaccine"" + 0.051*""covid"" + 0.015*""vaccinated"" + 0.014*""people"" + 0.014*""today"" + 0.009*""shot"" + 0.009*""amp"" + 0.009*""covidvaccine"" + 0.007*""long"" + 0.006*""free"""
4,4,"0.088*""vaccine"" + 0.064*""covid"" + 0.017*""people"" + 0.009*""vaccinated"" + 0.008*""good"" + 0.006*""amp"" + 0.006*""free"" + 0.005*""country"" + 0.005*""time"" + 0.005*""work"""
5,5,"0.091*""vaccine"" + 0.068*""covid"" + 0.010*""covidvaccine"" + 0.009*""vaccination"" + 0.009*""today"" + 0.008*""amp"" + 0.008*""day"" + 0.007*""week"" + 0.007*""dose"" + 0.007*""people"""
6,6,"0.105*""vaccine"" + 0.058*""covid"" + 0.018*""people"" + 0.013*""vaccinated"" + 0.010*""risk"" + 0.010*""effect"" + 0.007*""vaccination"" + 0.007*""day"" + 0.007*""amp"" + 0.006*""covid19"""
7,7,"0.087*""vaccine"" + 0.054*""covid"" + 0.015*""covidvaccine"" + 0.015*""vaccination"" + 0.011*""death"" + 0.010*""vaccinated"" + 0.009*""free"" + 0.009*""today"" + 0.008*""people"" + 0.008*""dose"""
