,Topic,Words and probability
0,0,"0.098*""vaccine"" + 0.062*""covid"" + 0.013*""people"" + 0.011*""booster"" + 0.009*""amp"" + 0.009*""vaccinated"" + 0.008*""year"" + 0.008*""work"" + 0.008*""child"" + 0.007*""need"""
1,1,"0.083*""vaccine"" + 0.044*""covid"" + 0.016*""amp"" + 0.012*""vaccinated"" + 0.008*""child"" + 0.007*""long"" + 0.007*""year"" + 0.007*""effective"" + 0.006*""work"" + 0.006*""vaccination"""
2,2,"0.093*""vaccine"" + 0.046*""covid"" + 0.009*""amp"" + 0.008*""need"" + 0.007*""new"" + 0.006*""child"" + 0.006*""pfizer"" + 0.006*""covidvaccine"" + 0.006*""year"" + 0.006*""people"""
3,3,"0.085*""vaccine"" + 0.067*""covid"" + 0.037*""people"" + 0.012*""death"" + 0.008*""long"" + 0.007*""vaccinated"" + 0.007*""booster"" + 0.007*""vaccination"" + 0.006*""need"" + 0.006*""right"""
4,4,"0.084*""vaccine"" + 0.047*""covid"" + 0.017*""vaccinated"" + 0.016*""people"" + 0.015*""amp"" + 0.014*""death"" + 0.006*""risk"" + 0.006*""effective"" + 0.005*""prevent"" + 0.005*""hospit"""
5,5,"0.087*""vaccine"" + 0.086*""covid"" + 0.016*""booster"" + 0.016*""people"" + 0.015*""death"" + 0.009*""time"" + 0.008*""risk"" + 0.007*""vaccinated"" + 0.007*""effect"" + 0.007*""shot"""
6,6,"0.099*""vaccine"" + 0.060*""covid"" + 0.008*""child"" + 0.008*""vaccination"" + 0.007*""mask"" + 0.007*""risk"" + 0.006*""vaccinated"" + 0.006*""virus"" + 0.006*""safe"" + 0.006*""pandemic"""
7,7,"0.108*""vaccine"" + 0.084*""covid"" + 0.011*""people"" + 0.009*""risk"" + 0.008*""year"" + 0.007*""mask"" + 0.007*""kid"" + 0.006*""vaccinated"" + 0.006*""dose"" + 0.006*""long"""
