,Topic,Words and probability
0,0,"0.095*""vaccine"" + 0.058*""covid"" + 0.008*""today"" + 0.007*""people"" + 0.007*""vaccination"" + 0.006*""covid19"" + 0.006*""case"" + 0.006*""immunity"" + 0.005*""dose"" + 0.005*""need"""
1,1,"0.096*""vaccine"" + 0.061*""covid"" + 0.022*""vaccinated"" + 0.018*""risk"" + 0.012*""people"" + 0.010*""amp"" + 0.008*""vaccination"" + 0.007*""long"" + 0.007*""pfizer"" + 0.006*""covidvaccine"""
2,2,"0.074*""vaccine"" + 0.020*""covid"" + 0.016*""people"" + 0.015*""new"" + 0.013*""amp"" + 0.013*""covidvaccine"" + 0.009*""vaccinated"" + 0.007*""variant"" + 0.006*""dose"" + 0.006*""week"""
3,3,"0.111*""vaccine"" + 0.054*""covid"" + 0.009*""amp"" + 0.008*""people"" + 0.007*""death"" + 0.006*""dose"" + 0.006*""vaccination"" + 0.006*""good"" + 0.006*""need"" + 0.006*""safe"""
4,4,"0.100*""vaccine"" + 0.055*""covid"" + 0.026*""people"" + 0.009*""amp"" + 0.008*""death"" + 0.008*""effect"" + 0.006*""variant"" + 0.006*""time"" + 0.006*""shot"" + 0.006*""work"""
5,5,"0.106*""vaccine"" + 0.084*""covid"" + 0.023*""people"" + 0.014*""vaccinated"" + 0.013*""death"" + 0.009*""amp"" + 0.007*""vaccination"" + 0.007*""risk"" + 0.006*""life"" + 0.005*""shot"""
6,6,"0.089*""vaccine"" + 0.054*""covid"" + 0.017*""vaccinated"" + 0.014*""people"" + 0.011*""pfizer"" + 0.010*""long"" + 0.008*""variant"" + 0.008*""today"" + 0.008*""good"" + 0.007*""year"""
7,7,"0.083*""covid"" + 0.075*""vaccine"" + 0.011*""case"" + 0.009*""vaccinated"" + 0.008*""covidvaccine"" + 0.008*""day"" + 0.007*""vaccination"" + 0.006*""mask"" + 0.006*""people"" + 0.005*""jab"""
