Month,Topic,Words and probability
20-Jan,,
,0,"|,  poster,  presentation,  opportunity,  l,  research,  e,  immunologyconference,  inflammation,  video"
,1,"vaccine,  immunology,  |,  rome,  immunity,  ity,  immunotherapy,  immunochemistry,  amp,  immunesystem"
,2,"vaccine,  |,  immunology,  immunity,  virology,  pathologic,  immunochemistryconferences + immunochemistry,  vaccineswork,  date"
,3,"immunology,  vaccine,  |,  ity,  rome,  immunochemistry,  immunity,  immunotherapy,  poster,  bookmark"
,4,"vaccine,  ity,  foodsafy,  rome,  immunity,  upcoming,  expert,  pathology,  immunology,  immunochemistry"
,5,"vaccine,  immunology,  |,  rome,  immunity,  ity,  immunotherapy,  immunochemistry,  poster,  date"
,6,"vaccine,  immunology,  |,  ity,  rome,  immunochemistry,  immunity,  amp,  immunotherapy,  poster"
,7,"immunology,  vaccine,  rome,  ity,  immunotherapy,  book,  scientificresearcher,  heamatology,  doctor,  microbiology"
20-Feb,,
,0,"vaccine,  coronavirus,  flu,  virus,  ready,  prevent,  month,  available,  moderna,  year"
,1,"vaccine,  coronavirus,  covid,  people,  amp,  month,  time,  virus,  flu,  need"
,2,"vaccine,  coronavirus,  good,  covid,  news,  virus,  new,  amp,  people,  |"
,3,"vaccine,  coronavirus,  development,  drug,  |,  tris,  new,  human,  lab,  time"
,4,"vaccine,  covid,  virus,  flu,  development,  amp,  new,  time,  treatment,  people"
,5,"vaccine,  coronavirus,  novel,  development,  advance,  drug,  tris,  novavax,  covid,  news"
,6,"vaccine,  drug,  coronavirus,  virus,  tris,  month,  trump,  flu,  risk,  covid"
,7,"vaccine,  covid,  coronavirus,  flu,  new,  research,  ready,  year,  tris,  month"
20-Mar,,
,0,"vaccine,  covid,  coronavirus,  test,  virus,  treatment,  flu,  people,  world,  cure"
,1,"vaccine,  amp,  people,  coronavirus,  covid,  hope,  virus,  time,  development,  scientist"
,2,"vaccine,  covid,  coronavirus,  flu,  year,  amp,  people,  month,  good,  treatment"
,3,"vaccine,  coronavirus,  covid,  virus,  covid,  treatment,  research,  clinic,  flu,  news"
,4,"vaccine,  coronavirus,  virus,  prevent,  good,  china,  people,  covid,  university,  way"
,5,"vaccine,  covid,  new,  available,  people,  world,  time,  tris,  month,  pneumonia"
,6,"vaccine,  flu,  covid,  virus,  work,  amp,  research,  good,  help,  new"
,7,"vaccine,  covid,  treatment,  coronavirus,  amp,  need,  people,  research,  available,  cure"
20-Apr,,
,0,"vaccine,  covid,  coronavirus,  help,  scientist,  covid,  testing,  new,  research,  time"
,1,"vaccine,  covid,  need,  virus,  world,  scientist,  treatment,  development,  covid,  amp"
,2,"vaccine,  covid,  treatment,  development,  new,  coronavirus,  test,  year,  virus,  covid"
,3,"vaccine,  covid,  coronavirus,  world,  amp,  treatment,  india,  test,  virus,  cure"
,4,"vaccine,  covid,  development,  work,  clinic,  world,  immunity,  tris,  virus,  coronavirus"
,5,"vaccine,  covid,  amp,  good,  tris,  pandemic,  flu,  human,  people,  way"
,6,"vaccine,  covid,  people,  amp,  virus,  test,  time,  year,  need,  covid"
,7,"vaccine,  covid,  coronavirus,  need,  people,  new,  news,  flu,  treatment,  drug"
20-May,,
,0,"vaccine,  covid,  tri,  treatment,  need,  people,  coronavirus,  hope,  development,  clinic"
,1,"vaccine,  covid,  amp,  work,  world,  race,  glob,  available,  antibody,  treatment"
,2,"vaccine,  covid,  people,  world,  tris,  year,  virus,  flu,  potenti,  time"
,3,"vaccine,  covid,  coronavirus,  virus,  amp,  available,  time,  covid,  tri,  development"
,4,"vaccine,  covid,  amp,  people,  year,  flu,  pandemic,  virus,  life,  good"
,5,"vaccine,  covid,  covid,  coronavirus,  treatment,  news,  development,  amp,  research,  good"
,6,"vaccine,  covid,  people,  death,  end,  need,  coronavirus,  good,  flu,  disease"
,7,"vaccine,  covid,  coronavirus,  need,  news,  world,  development,  tri,  human,  people"
20-Jun,,
,0,"vaccine,  covid,  treatment,  news,  virus,  future,  time,  world,  test,  amp"
,1,"vaccine,  covid,  coronavirus,  phase,  world,  year,  covid,  development,  new,  amp"
,2,"vaccine,  covid,  people,  tris,  tri,  amp,  astrazeneca,  human,  potenti,  covid"
,3,"vaccine,  covid,  treatment,  world,  amp,  tris,  clinic,  tri,  people,  work"
,4,"vaccine,  covid,  available,  amp,  end,  year,  tris,  news,  people,  development"
,5,"vaccine,  covid,  need,  people,  amp,  good,  available,  case,  help,  right"
,6,"vaccine,  covid,  flu,  year,  covid,  virus,  people,  amp,  treatment,  new"
,7,"vaccine,  covid,  people,  amp,  safe,  good,  need,  free,  death,  india"
20-Jul,,
,0,"vaccine,  covid,  need,  mask,  people,  amp,  india,  human,  tris,  tri"
,1,"vaccine,  covid,  news,  people,  amp,  oxford,  uk,  good,  university,  tris"
,2,"vaccine,  covid,  tris,  clinic,  amp,  russia,  news,  coronavirus,  virus,  human"
,3,"vaccine,  covid,  tris,  covid,  news,  phase,  tri,  result,  world,  hope"
,4,"vaccine,  covid,  tri,  people,  immune,  need,  response,  year,  safe,  news"
,5,"vaccine,  covid,  tris,  human,  new,  covid,  year,  need,  news,  immunity"
,6,"vaccine,  covid,  oxford,  tris,  people,  news,  coronavirus,  human,  good,  time"
,7,"vaccine,  covid,  tri,  flu,  india,  tris,  amp,  year,  phase,  coronavirus"
20-Aug,,
,0,"vaccine,  covid,  year,  covid,  coronavirus,  good,  tris,  flu,  tri,  china"
,1,"vaccine,  covid,  russia,  available,  world,  tris,  time,  good,  need,  effective"
,2,"vaccine,  russia,  covidvaccine,  covid,  world,  putin,  tri,  president,  russian,  coronavirus"
,3,"vaccine,  covid,  russia,  world,  people,  tris,  news,  putin,  flu,  country"
,4,"vaccine,  covid,  russia,  news,  world,  amp,  trump,  people,  putin,  |"
,5,"vaccine,  covid,  russia,  india,  phase,  safe,  tris,  world,  clinic,  dose"
,6,"vaccine,  covid,  russia,  amp,  research,  time,  safe,  people,  flu,  end"
,7,"vaccine,  covid,  amp,  people,  russia,  flu,  india,  putin,  country,  good"
20-Sep,,
,0,"vaccine,  covid,  safe,  covid,  trump,  development,  amp,  coronavirus,  tri,  effective"
,1,"vaccine,  covid,  news,  flu,  virus,  good,  shot,  amp,  work,  death"
,2,"vaccine,  covid,  tris,  johnson,  amp,  tri,  |,  covid,  safe,  astrazeneca"
,3,"vaccine,  covid,  phase,  tris,  tri,  covid,  clinic,  safe,  month,  candidate"
,4,"vaccine,  covid,  new,  flu,  tris,  available,  year,  amp,  trump,  people"
,5,"vaccine,  covid,  people,  flu,  trump,  year,  need,  amp,  mask,  tri"
,6,"vaccine,  covid,  flu,  amp,  tris,  work,  risk,  clinic,  tri,  distribution"
,7,"vaccine,  covid,  safe,  trump,  people,  effective,  need,  amp,  time,  flu"
20-Oct,,
,0,"vaccine,  covid,  amp,  trump,  immunity,  plan,  india,  herd,  johnson,  people"
,1,"vaccine,  covid,  trump,  hope,  country,  new,  plan,  china,  treatment,  government"
,2,"vaccine,  covid,  people,  flu,  trump,  death,  year,  amp,  time,  president"
,3,"vaccine,  covid,  flu,  year,  people,  free,  amp,  shot,  need,  trump"
,4,"vaccine,  covid,  new,  covid,  good,  tris,  effective,  time,  safe,  people"
,5,"vaccine,  covid,  free,  people,  trump,  virus,  covid,  available,  amp,  safe"
,6,"vaccine,  covid,  need,  free,  help,  world,  state,  people,  way,  flu"
,7,"vaccine,  covid,  amp,  year,  news,  available,  trump,  tri,  tris,  flu"
20-Nov,,
,0,"vaccine,  covid,  news,  pfizer,  trump,  |,  moderna,  week,  long,  result"
,1,"vaccine,  covid,  effective,  pfizer,  news,  trump,  moderna,  people,  coronavirus,  good"
,2,"vaccine,  covid,  effective,  covidvaccine,  pfizer,  time,  trump,  amp,  dose,  covid"
,3,"vaccine,  covid,  amp,  people,  news,  biden,  flu,  trump,  pfizer,  year"
,4,"vaccine,  covid,  pfizer,  effective,  biontech,  tri,  news,  people,  coronavirus,  month"
,5,"vaccine,  covid,  pfizer,  news,  effective,  day,  covidvaccine,  tri,  result,  new"
,6,"vaccine,  covid,  effective,  news,  pfizer,  covidvaccine,  people,  moderna,  good,  tri"
,7,"vaccine,  covid,  pfizer,  effective,  news,  year,  world,  candidate,  time,  people"
20-Dec,,
,0,"vaccine,  covid,  news,  new,  uk,  pfizer,  covid,  people,  trump,  world"
,1,"vaccine,  covid,  pfizer,  covidvaccine,  uk,  year,  amp,  covid,  people,  world"
,2,"vaccine,  covid,  covidvaccine,  covid,  pfizer,  dose,  need,  week,  amp,  public"
,3,"vaccine,  covid,  pfizer,  risk,  biontech,  year,  people,  president,  use,  public"
,4,"vaccine,  covid,  people,  pfizer,  work,  covidvaccine,  need,  amp,  month,  available"
,5,"vaccine,  covid,  covidvaccine,  week,  people,  year,  day,  worry,  need,  patient"
,6,"vaccine,  covid,  pfizer,  today,  week,  worker,  covidvaccine,  thank,  long,  need"
,7,"vaccine,  covid,  amp,  people,  covidvaccine,  today,  pfizer,  good,  day,  time"
21-Jan,,
,0,"vaccine,  covid,  covidvaccine,  people,  vaccination,  need,  today,  new,  effect,  week"
,1,"vaccine,  covid,  people,  today,  covidvaccine,  covid,  india,  year,  day,  amp"
,2,"vaccine,  covid,  amp,  covidvaccine,  year,  people,  new,  thank,  virus,  risk"
,3,"vaccine,  covid,  amp,  need,  new,  covidvaccine,  people,  use,  time,  week"
,4,"vaccine,  covid,  amp,  today,  good,  day,  people,  new,  work,  year"
,5,"vaccine,  covid,  covidvaccine,  need,  today,  india,  work,  good,  shot,  week"
,6,"vaccine,  covid,  covidvaccine,  people,  day,  time,  worker,  vaccination,  week,  need"
,7,"vaccine,  covid,  state,  vaccination,  available,  covidvaccine,  amp,  today,  dose,  people"
21-Feb,,
,0,"vaccine,  covid,  dose,  covidvaccine,  week,  resident,  people,  old,  clinic,  amp"
,1,"vaccine,  covid,  dose,  today,  day,  help,  news,  good,  covidvaccine,  pfizer"
,2,"vaccine,  covid,  people,  amp,  today,  day,  county,  need,  shot,  death"
,3,"vaccine,  covidvaccine,  covid,  amp,  today,  shot,  tri,  virus,  week,  question"
,4,"vaccine,  covidvaccine,  covid,  amp,  vaccination,  year,  need,  number,  people,  today"
,5,"vaccine,  covid,  today,  covidvaccine,  amp,  vaccination,  appointment,  week,  covid,  people"
,6,"vaccine,  covid,  amp,  good,  new,  need,  people,  year,  covidvaccine,  news"
,7,"vaccine,  covid,  covidvaccine,  people,  vaccination,  amp,  vaccinated,  today,  community,  free"
21-Mar,,
,0,"vaccine,  covid,  amp,  people,  covidvaccine,  appointment,  vaccination,  week,  today,  good"
,1,"vaccine,  covid,  covidvaccine,  today,  india,  amp,  old,  people,  vaccinated,  year"
,2,"vaccine,  covid,  today,  covidvaccine,  covid,  shot,  amp,  year,  time,  death"
,3,"vaccine,  covid,  people,  covidvaccine,  vaccinated,  vaccination,  covid,  amp,  eligible,  week"
,4,"vaccine,  covid,  year,  eligible,  today,  covidvaccine,  people,  variant,  march,  country"
,5,"vaccine,  covid,  people,  amp,  covidvaccine,  appointment,  shot,  thank,  country,  day"
,6,"vaccine,  covid,  day,  covidvaccine,  effect,  long,  dose,  appointment,  new,  week"
,7,"vaccine,  covid,  johnson,  amp,  today,  shot,  covidvaccine,  need,  help,  vaccinated"
21-Apr,,
,0,"vaccine,  covid,  shot,  covidvaccine,  amp,  today,  new,  moderna,  covid,  vaccination"
,1,"vaccine,  covid,  people,  amp,  today,  need,  year,  dose,  risk,  eligible"
,2,"vaccine,  covid,  people,  vaccinated,  covidvaccine,  amp,  covid,  help,  shot,  good"
,3,"vaccine,  covid,  covidvaccine,  vaccinated,  day,  shot,  people,  week,  appointment,  today"
,4,"vaccine,  covid,  appointment,  day,  today,  eligible,  week,  covidvaccine,  people,  way"
,5,"vaccine,  covid,  covidvaccine,  people,  good,  today,  pfizer,  moderna,  day,  amp"
,6,"vaccine,  covid,  appointment,  vaccination,  today,  covidvaccine,  available,  people,  shot,  risk"
,7,"vaccine,  covid,  shot,  amp,  johnson,  vaccination,  appointment,  vaccinated,  work,  long"
21-May,,
,0,"vaccine,  covid,  vaccinated,  people,  need,  effect,  amp,  appointment,  shot,  good"
,1,"vaccine,  covid,  people,  amp,  country,  dose,  covidvaccine,  vaccinated,  india,  vaccination"
,2,"vaccine,  covid,  people,  vaccination,  today,  vaccinated,  covidvaccine,  amp,  day,  india"
,3,"vaccine,  covid,  india,  pfizer,  amp,  vaccination,  people,  year,  covidvaccine,  week"
,4,"vaccine,  covid,  covidvaccine,  vaccinated,  appointment,  pfizer,  vaccination,  covid,  help,  today"
,5,"vaccine,  covid,  vaccinated,  people,  death,  mask,  time,  free,  new,  today"
,6,"vaccine,  covid,  shot,  amp,  covidvaccine,  today,  good,  risk,  people,  pfizer"
,7,"vaccine,  covid,  day,  vaccinated,  year,  people,  covidvaccine,  pfizer,  appointment,  death"
21-Jun,,
,0,"vaccine,  covid,  amp,  covidvaccine,  dose,  safe,  effective,  need,  case,  vaccination"
,1,"vaccine,  covid,  people,  covidvaccine,  time,  vaccination,  vaccinated,  shot,  new,  dose"
,2,"vaccine,  covid,  people,  year,  pfizer,  clinic,  need,  today,  hospit,  shot"
,3,"vaccine,  covid,  vaccinated,  people,  today,  shot,  amp,  covidvaccine,  long,  free"
,4,"vaccine,  covid,  people,  vaccinated,  good,  amp,  free,  country,  time,  work"
,5,"vaccine,  covid,  covidvaccine,  vaccination,  today,  amp,  day,  week,  dose,  people"
,6,"vaccine,  covid,  people,  vaccinated,  risk,  effect,  vaccination,  day,  amp,  covid"
,7,"vaccine,  covid,  covidvaccine,  vaccination,  death,  vaccinated,  free,  today,  people,  dose"
21-Jul,,
,0,"vaccine,  covid,  today,  people,  vaccination,  covid,  case,  immunity,  dose,  need"
,1,"vaccine,  covid,  vaccinated,  risk,  people,  amp,  vaccination,  long,  pfizer,  covidvaccine"
,2,"vaccine,  covid,  people,  new,  amp,  covidvaccine,  vaccinated,  variant,  dose,  week"
,3,"vaccine,  covid,  amp,  people,  death,  dose,  vaccination,  good,  need,  safe"
,4,"vaccine,  covid,  people,  amp,  death,  effect,  variant,  time,  shot,  work"
,5,"vaccine,  covid,  people,  vaccinated,  death,  amp,  vaccination,  risk,  life,  shot"
,6,"vaccine,  covid,  vaccinated,  people,  pfizer,  long,  variant,  today,  good,  year"
,7,"covid,  vaccine,  case,  vaccinated,  covidvaccine,  day,  vaccination,  mask,  people,  jab"
21-Aug,,
,0,"vaccine,  covid,  vaccinated,  vaccination,  death,  people,  amp,  covidvaccine,  good,  variant"
,1,"vaccine,  covid,  vaccinated,  people,  case,  shot,  vaccination,  free,  covidvaccine,  today"
,2,"vaccine,  covid,  people,  shot,  pfizer,  mask,  death,  risk,  amp,  need"
,3,"vaccine,  covid,  people,  covidvaccine,  vaccination,  year,  day,  vaccinated,  new,  long"
,4,"vaccine,  covid,  people,  vaccinated,  death,  good,  effect,  day,  long,  unvaccinated"
,5,"vaccine,  covid,  vaccinated,  amp,  people,  covidvaccine,  spread,  vaccination,  mask,  death"
,6,"vaccine,  covid,  amp,  people,  risk,  vaccinated,  child,  effect,  dose,  safe"
,7,"vaccine,  covid,  people,  vaccinated,  year,  anti,  life,  long,  mask,  death"
21-Sep,,
,0,"vaccine,  covid,  vaccination,  need,  mask,  help,  people,  amp,  death,  time"
,1,"vaccine,  covid,  people,  amp,  vaccinated,  kid,  shot,  need,  death,  work"
,2,"vaccine,  covid,  people,  vaccinated,  death,  year,  amp,  work,  safe,  good"
,3,"vaccine,  covid,  vaccinated,  people,  risk,  long,  shot,  child,  amp,  time"
,4,"vaccine,  covid,  people,  vaccinated,  hospit,  amp,  life,  chance,  point,  issue"
,5,"vaccine,  covid,  vaccinated,  people,  mask,  death,  unvaccinated,  today,  likely,  risk"
,6,"vaccine,  covid,  death,  year,  people,  effective,  risk,  vaccinated,  infection,  flu"
,7,"vaccine,  covid,  people,  virus,  immunity,  need,  vaccination,  mask,  effective,  amp"
21-Oct,,
,0,"vaccine,  covid,  people,  work,  vaccinated,  good,  available,  system,  case,  infection"
,1,"vaccine,  covid,  people,  death,  vaccinated,  effect,  kid,  new,  work,  booster"
,2,"vaccine,  covid,  people,  vaccinated,  amp,  good,  anti,  vaccination,  pfizer,  unvaccinated"
,3,"vaccine,  covid,  flu,  booster,  vaccination,  school,  risk,  death,  vaccinated,  people"
,4,"vaccine,  covid,  booster,  people,  case,  vaccinated,  amp,  year,  need,  available"
,5,"vaccine,  covid,  people,  vaccinated,  amp,  shot,  flu,  year,  death,  risk"
,6,"vaccine,  covid,  vaccinated,  people,  amp,  immunity,  child,  work,  shot,  day"
,7,"vaccine,  covid,  people,  risk,  safe,  vaccinated,  death,  time,  effective,  child"
21-Nov,,
,0,"vaccine,  covid,  booster,  pfizer,  shot,  people,  child,  today,  age,  kid"
,1,"vaccine,  covid,  people,  kid,  child,  long,  year,  vaccinated,  amp,  risk"
,2,"vaccine,  covid,  risk,  booster,  kid,  flu,  age,  available,  people,  child"
,3,"vaccine,  covid,  people,  death,  amp,  year,  effect,  old,  long,  clinic"
,4,"vaccine,  covid,  death,  kid,  shot,  vaccinated,  today,  work,  time,  rate"
,5,"vaccine,  covid,  time,  year,  people,  work,  immunity,  child,  booster,  new"
,6,"vaccine,  covid,  vaccinated,  year,  child,  vaccination,  people,  booster,  death,  today"
,7,"vaccine,  covid,  vaccinated,  people,  amp,  child,  booster,  shot,  covidvaccine,  covid"
21-Dec,,
,0,"vaccine,  covid,  good,  omicron,  booster,  new,  news,  shot,  case,  child"
,1,"vaccine,  covid,  booster,  covidvaccine,  omicron,  work,  pfizer,  covid,  year,  dose"
,2,"vaccine,  covid,  people,  booster,  work,  shot,  year,  death,  amp,  vaccinated"
,3,"vaccine,  covid,  booster,  people,  need,  dose,  risk,  vaccination,  case,  pfizer"
,4,"vaccine,  covid,  people,  booster,  death,  vaccinated,  need,  child,  risk,  high"
,5,"vaccine,  covid,  amp,  year,  people,  vaccination,  vaccinated,  death,  booster,  omicron"
,6,"vaccine,  covid,  booster,  people,  vaccinated,  amp,  shot,  flu,  year,  good"
,7,"vaccine,  covid,  people,  vaccinated,  booster,  amp,  time,  shot,  flu,  death"
Jan-22,,
,0,"vaccine,  covid,  vaccinated,  amp,  death,  work,  people,  variant,  case,  omicron"
,1,"vaccine,  covid,  booster,  covidvaccine,  shot,  people,  today,  amp,  clinic,  vaccination"
,2,"vaccine,  covid,  people,  vaccinated,  amp,  risk,  booster,  work,  day,  infection"
,3,"vaccine,  covid,  death,  year,  people,  mask,  kid,  amp,  booster,  vaccination"
,4,"vaccine,  covid,  amp,  risk,  death,  people,  vaccination,  bad,  need,  child"
,5,"vaccine,  covid,  people,  vaccinated,  year,  time,  mask,  new,  long,  thing"
,6,"vaccine,  covid,  vaccinated,  amp,  booster,  pfizer,  life,  child,  people,  year"
,7,"vaccine,  covid,  booster,  vaccinated,  people,  long,  available,  death,  child,  year"
Feb-22,,
,0,"vaccine,  covid,  people,  booster,  amp,  vaccinated,  year,  work,  child,  need"
,1,"vaccine,  covid,  amp,  vaccinated,  child,  long,  year,  effective,  work,  vaccination"
,2,"vaccine,  covid,  amp,  need,  new,  child,  pfizer,  covidvaccine,  year,  people"
,3,"vaccine,  covid,  people,  death,  long,  vaccinated,  booster,  vaccination,  need,  right"
,4,"vaccine,  covid,  vaccinated,  people,  amp,  death,  risk,  effective,  prevent,  hospit"
,5,"vaccine,  covid,  booster,  people,  death,  time,  risk,  vaccinated,  effect,  shot"
,6,"vaccine,  covid,  child,  vaccination,  mask,  risk,  vaccinated,  virus,  safe,  pandemic"
,7,"vaccine,  covid,  people,  risk,  year,  mask,  kid,  vaccinated,  dose,  long"
